Date,sentiment,Resi_Gas,Elect_Price,Bacon Original Data Value,Bacon 1-Month Percent Change,Bacon 3-Month Percent Change,Bacon 12-Month Percent Change,Bananas Original Data Value,Bananas 1-Month Percent Change,Bananas 3-Month Percent Change,Bananas 12-Month Percent Change,Bread Original Data Value,Bread 1-Month Percent Change,Bread 3-Month Percent Change,Bread 12-Month Percent Change,Chicken Original Data Value,Chicken 1-Month Percent Change,Chicken 3-Month Percent Change,Chicken 12-Month Percent Change,Coffee Original Data Value,Coffee 1-Month Percent Change,Coffee 3-Month Percent Change,Coffee 12-Month Percent Change,Eggs Original Data Value,Eggs 1-Month Percent Change,Eggs 3-Month Percent Change,Eggs 12-Month Percent Change,Flour Original Data Value,Flour 1-Month Percent Change,Flour 3-Month Percent Change,Flour 12-Month Percent Change,Milk Original Data Value,Milk 1-Month Percent Change,Milk 3-Month Percent Change,Milk 12-Month Percent Change,Oranges Original Data Value,Oranges 1-Month Percent Change,Oranges 3-Month Percent Change,Oranges 12-Month Percent Change,Rice Original Data Value,Rice 1-Month Percent Change,Rice 3-Month Percent Change,Rice 12-Month Percent Change,Tomatoes Original Data Value,Tomatoes 1-Month Percent Change,Tomatoes 3-Month Percent Change,Tomatoes 12-Month Percent Change,Electricity_CPI Original Data Value,Electricity_CPI 1-Month Percent Change,Electricity_CPI 3-Month Percent Change,Electricity_CPI 12-Month Percent Change,Fuel_Oil_#2 Original Data Value,Fuel_Oil_#2 1-Month Percent Change,Fuel_Oil_#2 3-Month Percent Change,Fuel_Oil_#2 12-Month Percent Change,Gasoline_all_types Original Data Value,Gasoline_all_types 1-Month Percent Change,Gasoline_all_types 3-Month Percent Change,Gasoline_all_types 12-Month Percent Change,Gasoline_unleaded Original Data Value,Gasoline_unleaded 1-Month Percent Change,Gasoline_unleaded 3-Month Percent Change,Gasoline_unleaded 12-Month Percent Change,Inflation
2001-01-01,94.0,10.12,7.73,2.994,-1.1,-2.4,8.9,0.5,2.7,0.8,2.0,0.982,-0.5,5.1,8.3,1.091,1.2,0.1,3.0,3.224,0.4,-2.8,-8.9,1.011,5.4,9.5,3.7,0.304,10.5,-0.7,6.3,2.852,2.4,1.7,2.4,0.638,2.2,0.8,5.1,0.71,0.0,0.4,0.55,1.414,-9.8,1.9,-2.0,0.088,2.3,0.0,4.8,1.509,-1.2,3.9,26.9,1.525,-1.2,-5.5,12.5,1.472,-1.1,-5.6,13.1,0.63
2001-02-01,91.3,10.26,8.04,3.065,2.4,0.4,6.8,0.496,-0.8,3.5,-6.1,0.994,1.2,4.3,7.6,1.09,-0.1,2.3,4.2,3.217,-0.2,-0.8,-12.5,0.943,-6.7,4.5,-2.0,0.307,1.0,17.2,15.0,2.847,-0.2,3.4,2.5,0.66,3.4,-9.0,12.6,0.71,0.0,0.4,0.55,1.313,-7.1,-12.6,2.1,0.088,0.0,2.3,3.5,1.463,-3.0,-0.9,-9.4,1.538,0.9,-4.4,8.2,1.484,0.8,-4.6,8.4,0.4
2001-03-01,92.8,9.85,8.32,3.159,3.1,4.3,7.9,0.51,2.8,4.7,-1.4,1.02,2.6,3.3,10.4,1.103,1.2,2.3,3.7,3.205,-0.4,-0.2,-11.8,0.886,-6.0,-7.6,-4.8,0.312,1.6,13.5,9.5,2.76,-3.1,-0.9,0.4,0.646,-2.1,3.5,12.9,0.71,0.0,0.4,0.55,1.336,1.8,-14.7,-2.1,0.089,1.1,3.5,4.7,1.394,-4.7,-8.8,2.6,1.503,-2.3,-2.7,-5.7,1.447,-2.5,-2.8,-6.1,0.23
2001-04-01,89.65,10.16,8.46,3.114,-1.4,4.0,5.5,0.492,-3.5,-1.6,-3.5,1.008,-1.2,2.6,8.7,1.101,-0.2,0.9,3.0,3.128,-2.4,-3.0,-12.7,1.028,16.0,1.7,9.5,0.276,-11.5,-9.2,-2.5,2.845,3.1,-0.2,2.6,0.735,13.8,15.2,28.3,0.71,0.0,0.4,0.55,1.433,7.3,1.3,-3.6,0.089,0.0,1.1,4.7,1.367,-1.9,-9.4,6.3,1.617,7.6,6.0,3.6,1.564,8.1,6.3,3.9,0.4
2001-05-01,91.8,11.14,8.83,3.256,4.6,6.2,8.3,0.509,3.5,2.6,0.0,0.995,-1.3,0.1,8.7,1.095,-0.5,0.5,4.1,3.097,-1.0,-3.7,-12.3,0.881,-14.3,-6.6,3.4,0.31,12.3,1.0,2.6,2.893,1.7,1.6,4.0,0.793,7.9,20.2,24.3,0.71,0.0,0.4,0.55,1.243,-13.3,-5.3,-9.0,0.09,1.1,2.3,5.9,1.343,-1.8,-8.2,6.3,1.812,12.1,17.8,16.8,1.729,10.5,16.5,15.4,0.45
2001-06-01,94.15,11.58,9.07,3.253,-0.1,3.0,3.9,0.506,-0.6,-0.8,0.0,0.989,-0.6,-3.0,8.1,1.106,1.0,0.3,3.5,3.156,1.9,-1.5,-8.0,0.92,4.4,3.8,9.8,0.313,1.0,0.3,2.6,2.911,0.6,5.5,5.4,1.186,0.3,0.8,2.3,0.71,0.0,0.4,0.55,1.356,9.1,1.5,2.9,0.097,7.8,9.0,7.8,1.322,-1.6,-5.2,5.8,1.731,-4.5,15.2,3.9,1.64,-5.1,13.3,1.4,0.17
2001-07-01,94.2,11.22,9.03,3.324,2.2,6.7,4.9,0.523,3.4,6.3,2.1,0.987,-0.2,-2.1,5.6,1.102,-0.4,0.1,1.2,3.097,-1.9,-1.0,-10.1,0.862,-6.3,-16.1,-0.7,0.315,0.6,14.1,3.3,2.933,0.8,3.1,5.5,1.186,0.3,0.8,2.3,0.71,0.0,0.4,0.55,1.257,-7.3,-12.3,-2.0,0.099,2.1,11.2,8.8,1.257,-4.9,-8.0,0.6,1.565,-9.6,-3.2,-4.7,1.482,-9.6,-5.2,-7.0,-0.28
2001-08-01,92.85,10.89,9.01,3.468,4.3,6.5,8.4,0.519,-0.8,2.0,5.9,0.991,0.4,-0.4,7.4,1.11,0.7,1.4,2.2,3.046,-1.6,-1.6,-11.6,0.929,7.8,5.4,4.0,0.318,1.0,2.6,4.6,2.89,-1.5,-0.1,3.0,1.186,0.3,0.8,2.3,0.71,0.0,0.4,0.55,1.185,-5.7,-4.7,-6.1,0.098,-1.0,8.9,7.7,1.238,-1.5,-7.8,-0.6,1.509,-3.6,-16.7,-3.2,1.427,-3.7,-17.5,-5.5,0.0
2001-09-01,83.4,10.17,8.92,3.487,0.5,7.2,8.7,0.508,-2.1,0.4,4.1,0.996,0.5,0.7,8.5,1.107,-0.3,0.1,1.8,3.025,-0.7,-4.2,-9.4,0.916,-1.4,-0.4,-0.4,0.296,-6.9,-5.4,-2.3,2.941,1.8,1.0,4.7,1.186,0.3,0.8,2.3,0.71,0.0,0.4,0.55,1.168,-1.4,-13.9,-11.4,0.097,-1.0,0.0,6.6,1.285,3.8,-2.8,-8.7,1.609,6.6,-7.0,-1.6,1.531,7.3,-6.6,-3.2,0.45
2001-10-01,84.5,8.24,8.84,3.338,-4.3,0.4,8.8,0.503,-1.0,-3.8,1.4,1.01,1.4,2.3,8.1,1.115,0.7,1.2,2.3,3.015,-0.3,-2.6,-9.1,0.916,0.0,6.3,-0.8,0.309,4.4,-1.9,1.0,2.954,0.4,0.7,5.3,1.186,0.3,0.8,2.3,0.71,0.0,0.4,0.55,1.267,8.5,0.8,-8.7,0.093,-4.1,-6.1,5.7,1.227,-4.5,-2.4,-15.6,1.442,-10.4,-7.9,-10.6,1.362,-11.0,-8.1,-12.6,-0.34
2001-11-01,86.65,7.98,8.47,3.297,-1.2,-4.9,8.0,0.509,1.2,-1.9,6.3,1.012,0.2,2.1,6.2,1.133,1.6,2.1,6.4,2.988,-0.9,-1.9,-7.9,0.935,2.1,0.6,3.7,0.286,-7.4,-10.1,9.2,2.89,-2.2,0.0,5.0,0.867,0.3,0.8,19.6,0.71,0.0,0.4,0.55,1.468,15.9,23.9,-2.3,0.09,-3.2,-8.2,4.7,1.193,-2.8,-3.6,-19.2,1.324,-8.2,-12.3,-17.7,1.263,-7.3,-11.5,-18.8,-0.17
2001-12-01,89.85,7.3,8.29,3.3,0.1,-5.4,9.0,0.505,-0.8,-0.6,3.7,1.005,-0.7,0.9,1.8,1.109,-2.1,0.2,2.9,2.913,-2.5,-3.7,-9.3,0.925,-1.1,1.0,-3.5,0.282,-1.4,-4.7,2.5,2.895,0.2,-1.6,3.9,0.713,-17.8,0.8,14.3,0.71,0.0,0.4,0.55,1.404,-4.4,20.2,-10.4,0.09,0.0,-7.2,4.7,1.117,-6.4,-13.1,-26.9,1.2,-9.4,-25.4,-22.3,1.131,-10.5,-26.1,-24.0,-0.39
2002-01-01,92.7,7.38,8.07,3.271,-0.9,-2.0,9.3,0.509,0.8,1.2,1.8,1.001,-0.4,-0.9,1.9,1.091,-1.6,-2.2,0.0,2.936,0.8,-2.6,-8.9,0.973,5.2,6.2,-3.8,0.319,13.1,3.2,4.9,2.812,-2.9,-4.8,-1.4,0.715,0.3,0.8,12.1,0.71,0.0,0.4,0.55,1.451,3.3,14.5,2.6,0.089,-1.1,-4.3,1.1,1.123,0.5,-8.5,-25.6,1.209,0.8,-16.2,-20.7,1.139,0.7,-16.4,-22.6,0.23
2002-02-01,91.1,7.23,8.19,3.317,1.4,0.6,8.2,0.504,-1.0,-1.0,1.6,1.008,0.7,-0.4,1.4,1.111,1.8,-1.9,1.9,2.946,0.3,-1.4,-8.4,0.996,2.4,6.5,5.6,0.318,-0.3,11.2,3.6,2.807,-0.2,-2.9,-1.4,0.759,6.2,-12.5,15.0,0.71,0.0,0.4,0.55,1.298,-10.5,-11.6,-1.1,0.089,0.0,-1.1,1.1,1.112,-1.0,-6.8,-24.0,1.21,0.1,-8.6,-21.3,1.13,-0.8,-10.5,-23.9,0.4
2002-03-01,98.85,7.1,8.17,3.266,-1.5,-1.0,3.4,0.519,3.0,2.8,1.8,1.012,0.4,0.7,-0.8,1.11,-0.1,0.1,0.6,2.859,-3.0,-1.9,-10.8,1.003,0.7,8.4,13.2,0.31,-2.5,9.9,-0.6,2.816,0.3,-2.7,2.0,0.71,-6.5,-0.4,9.9,0.71,0.0,0.4,0.55,1.292,-0.5,-8.0,-3.3,0.089,0.0,-1.1,0.0,1.119,0.6,0.2,-19.7,1.324,9.4,10.3,-11.9,1.241,9.8,9.7,-14.2,0.56
2002-04-01,93.8,7.66,8.37,3.257,-0.3,-0.4,4.6,0.504,-2.9,-1.0,2.4,1.005,-0.7,0.4,-0.3,1.11,0.0,1.7,0.8,2.976,4.1,1.4,-4.9,1.047,4.4,7.6,1.8,0.307,-1.0,-3.8,11.2,2.779,-1.3,-1.2,-2.3,0.751,5.8,5.0,2.2,0.71,0.0,0.4,0.55,1.319,2.1,-9.1,-8.0,0.088,-1.1,-1.1,-1.1,1.158,3.5,3.1,-15.3,1.493,12.8,23.5,-7.7,1.407,13.4,23.5,-10.0,0.56
2002-05-01,94.85,8.54,8.64,3.182,-2.3,-4.1,-2.3,0.515,2.2,2.2,1.2,1.012,0.7,0.4,1.7,1.094,-1.4,-1.5,-0.1,3.011,1.2,2.2,-2.8,0.997,-4.8,0.1,13.2,0.323,5.2,1.6,4.2,2.782,0.1,-0.9,-3.8,0.849,13.0,11.9,7.1,0.472,0.0,0.4,0.55,1.332,1.0,2.6,7.2,0.089,1.1,0.0,-1.1,1.163,0.4,4.6,-13.4,1.508,1.0,24.6,-16.8,1.421,1.0,25.8,-17.8,0.0
2002-06-01,93.30000000000001,9.58,8.73,3.193,0.3,-2.2,-1.8,0.512,-0.6,-1.3,1.2,1.011,-0.1,-0.1,2.2,1.066,-2.6,-4.0,-3.6,2.938,-2.4,2.8,-6.9,0.975,-2.2,-2.8,6.0,0.325,0.6,4.8,3.8,2.768,-0.5,-1.7,-4.9,1.186,0.3,0.8,2.3,0.47,-0.4,0.4,0.55,1.299,-2.5,0.5,-4.2,0.095,6.7,6.7,-2.1,1.136,-2.3,1.5,-14.1,1.489,-1.3,12.5,-14.0,1.404,-1.2,13.1,-14.4,0.06
2002-07-01,88.94999999999999,10.31,8.82,3.231,1.2,-0.8,-2.8,0.517,1.0,2.6,-1.1,1.015,0.4,1.0,2.8,1.077,1.0,-3.0,-2.3,2.977,1.3,0.0,-3.9,0.99,1.5,-5.4,14.8,0.32,-1.5,4.2,1.6,2.747,-0.8,-1.2,-6.3,1.186,0.3,0.8,2.3,0.475,1.1,0.4,0.55,1.243,-4.3,-5.8,-1.1,0.095,0.0,8.0,-4.0,1.127,-0.8,-2.7,-10.3,1.496,0.5,0.2,-4.4,1.412,0.6,0.4,-4.7,0.11
2002-08-01,87.6,10.44,8.72,3.269,1.2,2.7,-5.7,0.499,-3.5,-3.1,-3.9,1.012,-0.3,0.0,2.1,1.035,-3.9,-5.4,-6.8,2.929,-1.6,-2.7,-3.8,1.053,6.4,5.6,13.3,0.322,0.6,-0.3,1.3,2.72,-1.0,-2.2,-5.9,1.186,0.3,0.8,2.3,0.482,1.5,2.1,0.55,1.181,-5.0,-11.3,-0.3,0.095,0.0,6.7,-3.1,1.135,0.7,-2.4,-8.3,1.508,0.8,0.0,-0.1,1.423,0.8,0.1,-0.3,0.33
2002-09-01,87.8,10.23,8.59,3.155,-3.5,-1.2,-9.5,0.498,-0.2,-2.7,-2.0,1.016,0.4,0.5,2.0,1.074,3.8,0.8,-3.0,2.921,-0.3,-0.6,-3.4,1.055,0.2,8.2,15.2,0.322,0.0,-0.9,8.8,2.728,0.3,-1.4,-7.2,1.186,0.3,0.8,2.3,0.471,-2.3,0.2,0.55,1.158,-1.9,-10.9,-0.9,0.095,0.0,0.0,-2.1,1.174,3.4,3.3,-8.6,1.507,-0.1,1.2,-6.3,1.422,-0.1,1.3,-7.1,0.17
2002-10-01,81.44999999999999,8.61,8.47,3.24,2.7,0.3,-2.9,0.504,1.2,-2.5,0.2,1.015,-0.1,0.0,0.5,1.027,-4.4,-4.6,-7.9,2.872,-1.7,-3.5,-4.7,1.039,-1.5,4.9,13.4,0.289,-10.2,-9.7,-6.5,2.727,0.0,-0.7,-7.7,1.163,0.3,0.8,2.3,0.466,-1.1,-1.9,0.55,1.236,6.7,-0.6,-2.4,0.091,-4.2,-4.2,-2.2,1.203,2.5,6.7,-2.0,1.535,1.9,2.6,6.4,1.449,1.9,2.6,6.4,0.17
2002-11-01,87.1,7.99,8.31,3.211,-0.9,-1.8,-2.6,0.505,0.2,1.2,-0.8,1.054,3.8,4.2,4.2,1.044,1.7,0.9,-7.9,2.882,0.3,-1.6,-3.5,1.08,3.9,2.6,15.5,0.291,0.7,-9.6,1.7,2.719,-0.3,0.0,-5.9,0.998,-14.2,0.8,15.1,0.461,-1.1,-4.4,0.55,1.43,15.7,21.1,-2.6,0.089,-2.2,-6.3,-1.1,1.221,1.5,7.6,2.3,1.534,-0.1,1.7,15.9,1.448,-0.1,1.8,14.6,0.0
2002-12-01,86.1,7.87,8.08,3.242,1.0,2.8,-1.8,0.504,-0.2,1.2,-0.2,1.026,-2.7,1.0,2.1,1.048,0.4,-2.4,-5.5,2.838,-1.5,-2.8,-2.6,1.176,8.9,11.5,27.1,0.292,0.3,-9.3,3.5,2.682,-1.4,-1.7,-7.4,0.742,-25.7,0.8,4.1,0.458,-0.7,-2.8,0.55,1.655,15.7,42.9,17.9,0.089,0.0,-6.3,-1.1,1.267,3.8,7.9,13.4,1.477,-3.7,-2.0,23.1,1.394,-3.7,-2.0,23.3,-0.22
2003-01-01,82.65,8.18,8.0,3.195,-1.4,-1.4,-2.3,0.526,4.4,4.4,3.3,1.042,1.6,2.7,4.1,1.004,-4.2,-2.2,-8.0,2.999,5.7,4.4,2.1,1.175,-0.1,13.1,20.8,0.316,8.2,9.3,-0.9,2.686,0.1,-1.5,-4.5,0.713,-3.9,-38.7,-0.3,0.441,-3.7,-5.4,0.55,1.711,3.4,38.4,17.9,0.089,0.0,-2.2,0.0,1.396,10.2,16.0,24.3,1.557,5.4,1.4,28.8,1.473,5.7,1.7,29.3,0.44
2003-02-01,79.7,8.58,8.02,3.281,2.7,2.2,-1.1,0.508,-3.4,0.6,0.8,1.048,0.6,-0.6,4.0,1.031,2.7,-1.2,-7.2,2.924,-2.5,1.5,-0.7,1.189,1.2,10.1,19.4,0.299,-5.4,2.7,-6.0,2.689,0.1,-1.1,-4.2,0.711,-0.3,-28.8,-6.3,0.447,1.4,-3.0,0.55,1.565,-8.5,9.4,20.6,0.089,0.0,0.0,0.0,1.641,17.6,34.4,47.6,1.686,8.3,9.9,39.3,1.641,11.4,13.3,45.2,0.77
2003-03-01,79.44999999999999,9.77,8.35,3.216,-2.0,-0.8,-1.5,0.513,1.0,1.8,-1.2,1.042,-0.6,1.6,3.0,1.049,1.7,0.1,-5.5,2.933,0.3,3.3,2.6,1.209,1.7,2.8,20.5,0.319,6.7,9.2,2.9,2.656,-1.2,-1.0,-5.7,0.728,2.4,-1.9,2.5,0.44,-1.6,-3.9,0.55,1.619,3.5,-2.2,25.3,0.089,0.0,0.0,0.0,1.766,7.6,39.4,57.8,1.791,6.2,21.3,35.3,1.748,6.5,25.4,40.9,0.6
2003-04-01,87.1,10.18,8.82,3.287,2.2,2.9,0.9,0.517,0.8,-1.7,2.6,1.047,0.5,0.5,4.2,1.053,0.4,4.9,-5.1,3.008,2.6,0.3,1.1,1.131,-6.5,-3.7,8.0,0.318,-0.3,0.6,3.6,2.674,0.7,-0.4,-3.8,0.742,1.9,4.1,-1.2,0.44,0.0,-0.2,0.55,1.555,-4.0,-9.1,17.9,0.091,2.2,2.2,3.4,1.491,-15.6,6.8,28.8,1.704,-4.9,9.4,14.1,1.659,-5.1,12.6,17.9,-0.22
2003-05-01,91.8,10.79,8.99,3.086,-6.1,-5.9,-3.0,0.505,-2.3,-0.6,-1.9,1.001,-4.4,-4.5,-1.1,1.031,-2.1,0.0,-5.8,2.937,-2.4,0.4,-2.5,1.009,-10.8,-15.1,1.2,0.327,2.8,9.4,1.2,2.685,0.4,-0.1,-3.5,0.8,7.8,12.5,-5.8,0.429,-2.5,-4.0,-9.1,1.401,-9.9,-10.5,5.2,0.092,1.1,3.4,3.4,1.372,-8.0,-16.4,18.0,1.587,-6.9,-5.9,5.2,1.542,-7.1,-6.0,8.5,-0.16
2003-06-01,91.25,12.08,9.25,3.136,1.6,-2.5,-1.8,0.521,3.2,1.6,1.8,0.961,-4.0,-7.8,-4.9,1.033,0.2,-1.5,-3.1,2.931,-0.2,-0.1,-0.2,1.199,18.8,-0.8,23.0,0.327,0.0,2.5,0.6,2.676,-0.3,0.8,-3.3,0.875,9.4,20.2,2.3,0.428,-0.2,-2.7,-8.9,1.398,-0.2,-13.7,7.6,0.097,5.4,9.0,2.1,1.305,-4.9,-26.1,14.9,1.558,-1.8,-13.0,4.6,1.514,-1.8,-13.4,7.8,0.11
2003-07-01,91.35,12.75,9.21,3.155,0.6,-4.0,-2.4,0.514,-1.3,-0.6,-0.6,1.002,4.3,-4.3,-1.3,1.027,-0.6,-2.5,-4.6,2.944,0.4,-2.1,-1.1,1.15,-4.1,1.7,16.2,0.328,0.3,3.1,2.5,2.708,1.2,1.3,-1.4,1.186,0.3,0.8,2.3,0.451,5.4,2.5,-5.1,1.46,4.4,-6.1,17.5,0.098,1.0,7.7,3.2,1.279,-2.0,-14.2,13.5,1.567,0.6,-8.0,4.7,1.524,0.7,-8.1,7.9,0.11
2003-08-01,89.9,12.84,9.22,3.229,2.3,4.6,-1.2,0.514,0.0,1.8,3.0,0.996,-0.6,-0.5,-1.6,1.023,-0.4,-0.8,-1.2,2.921,-0.8,-0.5,-0.3,1.277,11.0,26.6,21.3,0.329,0.3,0.6,2.2,2.666,-1.6,-0.7,-2.0,1.186,0.3,0.8,2.3,0.454,0.7,5.8,-5.8,1.513,3.6,8.0,28.1,0.098,0.0,6.5,3.2,1.283,0.3,-6.5,13.0,1.671,6.6,5.3,10.8,1.628,6.8,5.6,14.4,0.38
2003-09-01,89.2,12.31,8.92,3.219,-0.3,2.6,2.0,0.494,-3.9,-5.2,-0.8,0.994,-0.2,3.4,-2.2,1.022,-0.1,-1.1,-4.8,2.919,-0.1,-0.4,-0.1,1.257,-1.6,4.8,19.1,0.317,-3.6,-3.1,-1.6,2.904,8.9,8.5,6.5,1.186,0.3,0.8,2.3,0.461,1.5,7.7,-2.1,1.438,-5.0,2.9,24.2,0.098,0.0,1.0,3.2,1.284,0.1,-1.6,9.4,1.771,6.0,13.7,17.5,1.728,6.1,14.1,21.5,0.33
2003-10-01,92.05,10.64,8.85,3.161,-1.8,0.2,-2.4,0.49,-0.8,-4.7,-2.8,0.969,-2.5,-3.3,-4.5,1.022,0.0,-0.5,-0.5,2.825,-3.2,-4.0,-1.6,1.33,5.8,15.7,28.0,0.288,-9.1,-12.2,-0.3,2.905,0.0,7.3,6.5,1.141,0.3,0.8,-1.9,0.463,0.4,2.7,-0.6,1.436,-0.1,-1.6,16.2,0.093,-5.1,-5.1,2.2,1.297,1.0,1.4,7.8,1.646,-7.1,5.0,7.2,1.603,-7.2,5.2,10.6,-0.11
2003-11-01,93.65,9.77,8.72,3.228,2.1,0.0,0.5,0.498,1.6,-3.1,-1.4,0.953,-1.7,-4.3,-9.6,1.068,4.5,4.4,2.3,2.779,-1.6,-4.9,-3.6,1.448,8.9,13.4,34.1,0.285,-1.0,-13.4,-2.1,2.937,1.1,10.2,8.0,0.971,-14.9,0.8,-2.7,0.49,5.8,7.9,6.3,1.48,3.1,-2.2,3.5,0.09,-3.2,-8.2,1.1,1.331,2.6,3.7,9.0,1.578,-4.1,-5.6,2.9,1.535,-4.2,-5.7,6.0,-0.27
2003-12-01,94.15,9.51,8.3,3.182,-1.4,-1.1,-1.9,0.504,1.2,2.0,0.0,0.954,0.1,-4.0,-7.0,1.05,-1.7,2.7,0.2,2.875,3.5,-1.5,1.3,1.559,7.7,24.0,32.6,0.287,0.7,-9.5,-1.7,2.947,0.3,1.5,9.9,0.862,-11.2,0.8,16.2,0.482,-1.6,4.6,5.2,1.533,3.6,6.6,-7.4,0.09,0.0,-8.2,1.1,1.36,2.2,5.9,7.3,1.538,-2.5,-13.2,4.1,1.494,-2.7,-13.5,7.2,-0.11
2004-01-01,100.4,9.71,8.24,3.157,-0.8,-0.1,-1.2,0.512,1.6,4.5,-2.7,0.946,-0.8,-2.4,-9.2,1.062,1.1,3.9,5.8,2.892,0.6,2.4,-3.6,1.573,0.9,18.3,33.9,0.307,7.0,6.6,-2.8,2.879,-2.3,-0.9,7.2,0.793,-8.0,-30.5,11.2,0.482,0.0,4.1,9.3,1.472,-4.0,2.5,-14.0,0.091,1.1,-2.2,2.2,1.508,10.9,16.3,8.0,1.635,6.3,-0.7,5.0,1.592,6.6,-0.7,8.1,0.49
2004-02-01,95.85,9.85,8.33,3.189,1.0,-1.2,-2.8,0.504,-1.6,1.2,-0.8,0.943,-0.3,-1.0,-10.0,1.06,-0.2,-0.7,2.8,2.856,-1.2,2.8,-2.3,1.583,0.6,9.3,33.1,0.302,-1.6,6.0,1.0,2.814,-2.3,-4.2,4.6,0.725,-8.6,-25.3,2.0,0.487,1.0,-0.6,8.9,1.51,2.6,2.0,-3.5,0.091,0.0,1.1,2.2,1.558,3.3,17.1,-5.1,1.715,4.9,8.7,1.7,1.672,5.0,8.9,1.9,0.54
2004-03-01,94.65,10.03,8.62,3.129,-1.9,-1.7,-2.7,0.5,-0.8,-0.8,-2.5,0.947,0.4,-0.7,-9.1,1.1,3.8,4.8,4.9,2.932,2.7,2.0,0.0,1.625,2.7,4.2,34.4,0.3,-0.7,4.5,-6.0,2.786,-1.0,-5.5,4.9,0.73,0.7,-15.3,0.3,0.504,3.5,4.6,14.5,1.529,1.3,-0.3,-5.6,0.091,0.0,1.1,2.2,1.541,-1.1,13.3,-12.7,1.809,5.5,17.6,1.0,1.766,5.6,18.2,1.0,0.64
2004-04-01,95.0,10.54,8.93,3.196,2.1,1.2,-2.8,0.505,1.0,-1.4,-2.3,0.974,2.9,3.0,-7.0,1.12,1.8,5.5,6.4,2.908,-0.8,0.6,-3.3,1.562,-3.9,-0.7,38.1,0.283,-5.7,-7.8,-11.0,2.906,4.3,0.9,8.7,0.744,1.9,-6.2,0.3,0.503,-0.2,4.4,14.3,1.519,-0.7,3.2,-2.3,0.091,0.0,0.0,0.0,1.519,-1.4,0.7,1.9,1.875,3.6,14.7,10.0,1.833,3.8,15.1,10.5,0.32
2004-05-01,91.45,11.63,9.07,3.33,4.2,4.4,7.9,0.491,-2.8,-2.6,-2.8,0.96,-1.4,1.8,-4.1,1.039,-7.2,-2.0,0.8,2.831,-2.6,-0.9,-3.6,1.372,-12.2,-13.3,36.0,0.297,4.9,-1.7,-9.2,3.374,16.1,19.9,25.7,0.77,3.5,6.2,-3.8,0.528,5.0,8.4,23.1,1.51,-0.6,0.0,7.8,0.093,2.2,2.2,1.1,1.533,0.9,-1.6,11.7,2.05,9.3,19.5,29.2,2.009,9.6,20.2,30.3,0.59
2004-06-01,95.3,13.08,9.29,3.42,2.7,9.3,9.1,0.498,1.4,-0.4,-4.4,0.979,2.0,3.4,1.9,1.06,2.0,-3.6,2.6,2.75,-2.9,-6.2,-6.2,1.311,-4.4,-19.3,9.3,0.312,5.1,4.0,-4.6,3.574,5.9,28.3,33.6,0.878,14.0,20.3,0.3,0.538,1.9,6.7,25.7,1.331,-11.9,-12.9,-4.8,0.099,6.5,8.8,2.1,1.537,0.3,-0.3,17.8,2.083,1.6,15.1,33.7,2.041,1.6,15.6,34.8,0.32
2004-07-01,95.5,13.54,9.36,3.47,1.5,8.6,10.0,0.51,2.4,1.0,-0.8,0.985,0.6,1.1,-1.7,1.077,1.6,-3.8,4.9,2.878,4.7,-1.0,-2.2,1.253,-4.4,-19.8,9.0,0.324,3.8,14.5,-1.2,3.479,-2.7,19.7,28.5,1.186,0.3,0.8,2.3,0.56,4.1,11.3,24.2,1.253,-5.9,-17.5,-14.2,0.099,0.0,8.8,1.0,1.536,-0.1,1.1,20.1,1.982,-4.8,5.7,26.5,1.939,-5.0,5.8,27.2,-0.16
2004-08-01,95.65,13.74,9.5,3.622,4.4,8.8,12.2,0.507,-0.6,3.3,-1.4,0.996,1.1,3.8,0.0,1.092,1.4,5.1,6.7,2.878,0.0,1.7,-1.5,1.277,1.9,-6.9,0.0,0.324,0.0,9.1,-1.5,3.297,-5.2,-2.3,23.7,1.186,0.3,0.8,2.3,0.556,-0.7,5.3,22.5,1.312,4.7,-13.1,-13.3,0.1,1.0,7.5,2.0,1.607,4.6,4.8,25.3,1.941,-2.1,-5.3,16.2,1.898,-2.1,-5.5,16.6,0.05
2004-09-01,93.55000000000001,13.31,9.39,3.589,-0.9,4.9,11.5,0.488,-3.7,-2.0,-1.2,0.985,-1.1,0.6,-0.9,1.078,-1.3,1.7,5.5,2.874,-0.1,4.5,-1.5,1.145,-10.3,-12.7,-8.9,0.307,-5.2,-1.6,-3.2,3.149,-4.5,-11.9,8.4,1.142,0.3,30.1,2.3,0.565,1.6,5.0,22.6,1.321,0.7,-0.8,-8.1,0.099,-1.0,0.0,1.0,1.671,4.0,8.7,30.1,1.934,-0.4,-7.2,9.2,1.891,-0.4,-7.3,9.4,0.21
2004-10-01,92.4,11.69,9.05,3.606,0.5,3.9,14.1,0.485,-0.6,-4.9,-1.0,0.972,-1.3,-1.3,0.3,1.078,0.0,0.1,5.5,2.84,-1.2,-1.3,0.5,1.089,-4.9,-13.1,-18.1,0.299,-2.6,-7.7,3.8,3.161,0.4,-9.1,8.8,1.186,0.3,0.8,2.3,0.569,0.7,1.6,22.9,1.715,29.8,36.9,19.4,0.094,-5.1,-5.1,1.1,1.882,12.6,22.5,45.1,2.072,7.1,4.5,25.9,2.029,7.3,4.6,26.6,0.53
2004-11-01,93.15,11.44,8.96,3.438,-4.7,-5.1,6.5,0.469,-3.3,-7.5,-5.8,0.976,0.4,-2.0,2.4,1.039,-3.6,-4.9,-2.7,2.778,-2.2,-3.5,0.0,1.085,-0.4,-15.0,-25.1,0.291,-2.7,-10.2,2.1,3.219,1.8,-2.4,9.6,1.08,0.3,0.8,11.2,0.572,0.5,2.9,16.7,2.337,36.3,78.1,57.9,0.092,-2.1,-8.0,2.2,1.958,4.0,21.8,47.1,2.053,-0.9,5.8,30.1,2.01,-0.9,5.9,30.9,0.05
2004-12-01,93.94999999999999,11.09,8.58,3.369,-2.0,-6.1,5.9,0.474,1.1,-2.9,-6.0,0.97,-0.6,-1.5,1.7,1.03,-0.9,-4.5,-1.9,2.776,-0.1,-3.4,-3.4,1.199,10.5,4.7,-23.1,0.285,-2.1,-7.2,-0.7,3.233,0.4,2.7,9.7,0.865,-19.9,-24.3,0.3,0.572,0.0,1.2,18.7,2.467,5.6,86.8,60.9,0.092,0.0,-7.1,2.2,1.895,-3.2,13.4,39.3,1.926,-6.2,-0.4,25.2,1.882,-6.4,-0.5,26.0,-0.37
2005-01-01,94.45,10.9,8.52,3.367,-0.1,-6.6,6.7,0.485,2.3,0.0,-5.3,0.997,2.8,2.6,5.4,1.026,-0.4,-4.8,-3.4,3.049,9.8,7.4,5.4,1.211,1.0,11.2,-23.0,0.325,14.0,8.7,5.9,3.304,2.2,4.5,14.8,0.838,-3.1,0.8,5.7,0.597,4.4,4.9,23.9,1.66,-32.7,-3.2,12.8,0.094,2.2,0.0,3.3,1.859,-1.9,-1.2,23.3,1.866,-3.1,-9.9,14.1,1.823,-3.1,-10.2,14.5,0.21
2005-02-01,95.44999999999999,10.87,8.76,3.395,0.8,-1.3,6.5,0.502,3.5,7.0,-0.4,0.982,-1.5,0.6,4.1,1.038,1.2,-0.1,-2.1,2.94,-3.6,5.8,2.9,1.284,6.0,18.3,-18.9,0.326,0.3,12.0,7.9,3.176,-3.9,-1.3,12.9,0.802,-4.3,-25.7,10.6,0.575,-3.7,0.5,18.1,1.428,-14.0,-38.9,-5.4,0.094,0.0,2.2,3.3,1.962,5.5,0.2,25.9,1.96,5.0,-4.5,14.3,1.918,5.2,-4.6,14.7,0.58
2005-03-01,92.5,10.84,8.87,3.355,-1.2,-0.4,7.2,0.507,1.0,7.0,1.4,1.002,2.0,3.3,5.8,1.061,2.2,3.0,-3.5,3.009,2.3,8.4,2.6,1.132,-11.8,-5.6,-30.3,0.326,0.0,14.4,8.7,3.226,1.6,-0.2,15.8,0.783,-2.4,-9.5,7.3,0.57,-0.9,-0.3,13.1,1.548,8.4,-37.3,1.2,0.094,0.0,2.2,3.3,2.078,5.9,9.7,34.8,2.107,7.5,9.4,16.5,2.065,7.7,9.7,16.9,0.78
2005-04-01,89.15,11.88,9.22,3.331,-0.7,-1.1,4.2,0.503,-0.8,3.7,-0.4,1.004,0.2,0.7,3.1,1.07,0.8,4.3,-4.5,3.24,7.7,6.3,11.4,1.164,2.8,-3.9,-25.5,0.322,-1.2,-0.9,13.8,3.225,0.0,-2.4,11.0,0.816,4.2,-2.6,9.7,0.584,2.5,-2.2,16.1,1.71,10.5,3.0,12.6,0.095,1.1,1.1,4.4,2.12,2.0,14.0,39.6,2.325,10.3,24.6,24.0,2.283,10.6,25.2,24.5,0.67
2005-05-01,89.0,12.74,9.56,3.56,6.9,4.9,6.9,0.497,-1.2,-1.0,1.2,1.086,8.2,10.6,13.1,1.052,-1.7,1.3,1.3,3.329,2.7,13.2,17.6,1.185,1.8,-7.7,-13.6,0.329,2.2,0.9,10.8,3.207,-0.6,1.0,-4.9,0.899,10.2,12.1,16.8,0.552,-5.5,-4.0,4.5,1.911,11.8,33.8,26.6,0.097,2.1,3.2,4.3,2.036,-4.0,3.8,32.8,2.257,-2.9,15.2,10.1,2.216,-2.9,15.5,10.3,-0.1
2005-06-01,95.9,13.79,9.79,3.457,-2.9,3.0,1.1,0.493,-0.8,-2.8,-1.0,1.09,0.4,8.8,11.3,1.075,2.2,1.3,1.4,3.416,2.6,13.5,24.2,1.139,-3.9,0.6,-13.1,0.337,2.4,3.4,8.0,3.122,-2.7,-3.2,-12.6,1.012,12.6,29.2,15.3,0.547,-0.9,-4.0,1.7,1.655,-13.4,6.9,24.3,0.104,7.2,10.6,5.1,2.059,1.1,-0.9,34.0,2.218,-1.7,5.3,6.5,2.176,-1.8,5.4,6.6,0.05
2005-07-01,95.5,14.86,9.77,3.478,0.6,4.4,0.2,0.494,0.2,-1.8,-3.1,1.067,-2.1,6.3,8.3,1.067,-0.7,-0.3,-0.9,3.334,-2.4,2.9,15.8,1.165,2.3,0.1,-7.0,0.34,0.9,5.6,4.9,3.09,-1.0,-4.2,-11.2,1.186,0.3,0.8,2.3,0.553,1.1,-5.3,-1.3,1.607,-2.9,-6.0,28.3,0.105,1.0,10.5,6.1,2.173,5.5,2.5,41.5,2.357,6.3,1.4,18.9,2.316,6.4,1.4,19.4,0.46
2005-08-01,89.19999999999999,15.51,9.93,3.442,-1.0,-3.3,-5.0,0.487,-1.4,-2.0,-3.9,1.06,-0.7,-2.4,6.4,1.042,-2.3,-1.0,-4.6,3.482,4.4,4.6,21.0,1.166,0.1,-1.6,-8.7,0.341,0.3,3.6,5.2,3.136,1.5,-2.2,-4.9,1.186,0.3,0.8,2.3,0.532,-3.8,-3.6,-4.3,1.416,-11.9,-25.9,7.9,0.105,0.0,8.2,5.0,2.276,4.7,11.8,41.6,2.548,8.1,12.9,31.3,2.506,8.2,13.1,32.0,0.51
2005-09-01,77.30000000000001,16.56,9.94,3.404,-1.1,-1.5,-5.2,0.485,-0.4,-1.6,-0.6,1.052,-0.8,-3.5,6.8,1.056,1.3,-1.8,-2.0,3.376,-3.0,-1.2,17.5,1.279,9.7,12.3,11.7,0.329,-3.5,-2.4,7.2,3.133,-0.1,0.4,-0.5,1.363,0.3,34.7,19.4,0.544,2.3,-0.5,-3.7,1.429,0.9,-13.7,8.2,0.106,1.0,1.9,7.1,2.593,13.9,25.9,55.2,2.969,16.5,33.9,53.5,2.927,16.8,34.5,54.8,1.22
2005-10-01,77.1,16.44,9.76,3.327,-2.3,-4.3,-7.7,0.491,1.2,-0.6,1.2,1.043,-0.9,-2.2,7.3,1.062,0.6,-0.5,-1.5,3.447,2.1,3.4,21.4,1.264,-1.2,8.5,16.1,0.311,-5.5,-8.5,4.0,3.171,1.2,2.6,0.3,1.388,1.8,0.8,2.3,0.541,-0.6,-2.2,-4.9,1.547,8.3,-3.7,-9.8,0.102,-3.8,-2.9,8.5,2.626,1.3,20.8,39.5,2.83,-4.7,20.1,36.6,2.785,-4.9,20.3,37.3,0.2
2005-11-01,82.69999999999999,15.64,9.76,3.262,-2.0,-5.2,-5.1,0.48,-2.2,-1.4,2.3,1.055,1.2,-0.5,8.1,1.059,-0.3,1.6,1.9,3.293,-4.5,-5.4,18.5,1.279,1.2,9.7,17.9,0.298,-4.2,-12.6,2.4,3.211,1.3,2.4,-0.2,1.172,-15.6,0.8,8.5,0.53,-2.0,-0.4,-7.3,1.574,1.7,11.2,-32.6,0.102,0.0,-2.9,10.9,2.458,-6.4,8.0,25.5,2.387,-15.7,-6.3,16.3,2.343,-15.9,-6.5,16.6,-0.8
2005-12-01,91.4,14.6,9.27,3.327,2.0,-2.3,-1.2,0.482,0.4,-0.6,1.7,1.046,-0.9,-0.6,7.8,1.061,0.2,0.5,3.0,3.235,-1.8,-4.2,16.5,1.35,5.6,5.6,12.6,0.303,1.7,-7.9,6.3,3.241,0.9,3.4,0.2,0.885,-24.5,-35.1,2.3,0.524,-1.1,-3.7,-8.4,1.848,17.4,29.3,-25.1,0.102,0.0,-3.8,10.9,2.407,-2.1,-7.2,27.0,2.23,-6.6,-24.9,15.8,2.186,-6.7,-25.3,16.2,-0.4
2006-01-01,92.85,14.92,9.55,3.364,1.1,1.1,-0.1,0.49,1.7,-0.2,1.0,1.046,0.0,0.3,4.9,1.062,0.1,0.0,3.5,3.232,-0.1,-6.2,6.0,1.449,7.3,14.6,19.7,0.328,8.3,5.5,0.9,3.197,-1.4,0.8,-3.2,0.837,-5.4,-39.7,-0.1,0.532,1.5,-1.7,-10.9,2.162,17.0,39.8,30.2,0.108,5.9,5.9,14.9,2.418,0.5,-7.9,30.1,2.359,5.8,-16.6,26.4,2.315,5.9,-16.9,27.0,0.76
2006-02-01,86.95,13.98,9.8,3.385,0.6,3.8,-0.3,0.508,3.7,5.8,1.2,1.029,-1.6,-2.5,4.8,1.045,-1.6,-1.3,0.7,3.174,-1.8,-3.6,8.0,1.328,-8.4,3.8,3.4,0.326,-0.6,9.4,0.0,3.224,0.8,0.4,1.5,0.915,9.3,-21.9,14.1,0.534,0.4,0.8,-7.1,1.91,-11.7,21.3,33.8,0.108,0.0,5.9,14.9,2.423,0.2,-1.4,23.5,2.354,-0.2,-1.4,20.1,2.31,-0.2,-1.4,20.4,0.2
2006-03-01,89.9,13.17,9.87,3.396,0.3,2.1,1.2,0.508,0.0,5.4,0.2,1.04,1.1,-0.6,3.8,1.047,0.2,-1.3,-1.3,3.301,4.0,2.0,9.7,1.302,-2.0,-3.6,15.0,0.326,0.0,7.6,0.0,3.161,-2.0,-2.5,-2.0,0.888,-3.0,0.3,13.4,0.534,0.0,1.9,-6.3,1.649,-13.7,-10.8,6.5,0.109,0.9,6.9,16.0,2.429,0.2,0.9,16.9,2.444,3.8,9.6,16.0,2.401,3.9,9.8,16.3,0.55
2006-04-01,86.9,13.27,10.32,3.343,-1.6,-0.6,0.4,0.508,0.0,3.7,1.0,1.072,3.1,2.5,6.8,1.054,0.7,-0.8,-1.5,3.292,-0.3,1.9,1.6,1.283,-1.5,-11.5,10.2,0.32,-1.8,-2.4,-0.6,3.123,-1.2,-2.3,-3.2,0.876,-1.4,4.7,7.4,0.538,0.7,1.1,-7.9,1.573,-4.6,-27.2,-8.0,0.109,0.0,0.9,14.7,2.526,4.0,4.5,19.2,2.801,14.6,18.7,20.5,2.757,14.8,19.1,20.8,0.85
2006-05-01,82.35,14.41,10.61,3.309,-1.0,-2.2,-7.1,0.514,1.2,1.2,3.4,1.086,1.3,5.5,0.0,1.034,-1.9,-1.1,-1.7,3.349,1.7,5.5,0.6,1.206,-6.0,-9.2,1.8,0.331,3.4,1.5,0.6,3.066,-1.8,-4.9,-4.4,0.99,13.0,8.2,10.1,0.549,2.0,2.8,-0.5,1.543,-1.9,-19.2,-19.3,0.11,0.9,1.9,13.4,2.572,1.8,6.1,26.3,2.993,6.9,27.1,32.6,2.947,6.9,27.6,33.0,0.5
2006-06-01,86.65,15.07,10.85,3.399,2.7,0.1,-1.7,0.511,-0.6,0.6,3.7,1.074,-1.1,3.3,-1.5,1.055,2.0,0.8,-1.9,3.158,-5.7,-4.3,-7.6,1.242,3.0,-4.6,9.0,0.336,1.5,3.1,-0.3,3.001,-2.1,-5.1,-3.9,1.119,13.0,26.0,10.6,0.549,0.0,2.8,0.4,1.457,-5.6,-11.6,-12.0,0.118,7.3,8.3,13.5,2.566,-0.2,5.6,24.6,2.963,-1.0,21.2,33.6,2.917,-1.0,21.5,34.1,0.2
2006-07-01,85.9,15.72,10.96,3.508,3.2,4.9,0.9,0.508,-0.6,0.0,2.8,1.071,-0.3,-0.1,0.4,1.04,-1.4,-1.3,-2.5,3.154,-0.1,-4.2,-5.4,1.213,-2.3,-5.5,4.1,0.339,0.9,5.9,-0.3,3.083,2.7,-1.3,-0.2,1.27,13.5,45.0,2.3,0.561,2.2,4.3,1.4,1.479,1.5,-6.0,-8.0,0.118,0.0,8.3,12.4,2.597,1.2,2.8,19.5,3.046,2.8,8.7,29.2,2.999,2.8,8.8,29.5,0.3
2006-08-01,79.6,16.18,10.94,3.559,1.5,7.6,3.4,0.492,-3.1,-4.3,1.0,1.088,1.6,0.2,2.6,1.048,0.8,1.4,0.6,3.196,1.3,-4.6,-8.2,1.244,2.6,3.2,6.7,0.341,0.6,3.0,0.0,3.019,-2.1,-1.5,-3.7,1.186,0.3,0.8,2.3,0.565,0.7,2.9,6.2,1.488,0.6,-3.6,5.1,0.118,0.0,7.3,12.4,2.649,2.0,3.0,16.4,3.033,-0.4,1.3,19.0,2.985,-0.5,1.3,19.1,0.2
2006-09-01,84.25,15.71,10.94,3.552,-0.2,4.5,4.3,0.479,-2.6,-6.3,-1.2,1.083,-0.5,0.8,2.9,1.063,1.4,0.8,0.7,3.173,-0.7,0.5,-6.0,1.254,0.8,1.0,-2.0,0.341,0.0,1.5,3.6,3.049,1.0,1.6,-2.7,1.483,0.3,32.5,8.8,0.55,-2.7,0.2,1.1,1.908,28.2,31.0,33.5,0.118,0.0,0.0,11.3,2.531,-4.5,-1.4,-2.4,2.637,-13.1,-11.0,-11.2,2.589,-13.3,-11.2,-11.5,-0.49
2006-10-01,91.6,12.51,10.58,3.61,1.6,2.9,8.5,0.489,2.1,-3.7,-0.4,1.097,1.3,2.4,5.2,1.038,-2.4,-0.2,-2.3,3.138,-1.1,-0.5,-9.0,1.257,0.2,3.6,-0.6,0.321,-5.9,-5.3,3.2,3.064,0.5,-0.6,-3.4,1.423,-4.0,12.0,2.5,0.568,3.3,1.2,5.0,2.188,14.7,47.9,41.4,0.112,-5.1,-5.1,9.8,2.396,-5.3,-7.7,-8.8,2.319,-12.1,-23.9,-18.1,2.272,-12.2,-24.2,-18.4,-0.54
2006-11-01,92.69999999999999,12.45,10.18,3.444,-4.6,-3.2,5.6,0.498,1.8,1.2,3.8,1.143,4.2,5.1,8.3,1.049,1.1,0.1,-0.9,3.158,0.6,-1.2,-4.1,1.354,7.7,8.8,5.9,0.317,-1.2,-7.0,6.4,2.985,-2.6,-1.1,-7.0,1.2,-15.7,0.8,2.4,0.555,-2.3,-1.8,4.7,1.784,-18.5,19.9,13.3,0.11,-1.8,-6.8,7.8,2.375,-0.9,-10.3,-3.4,2.287,-1.4,-24.6,-4.2,2.241,-1.4,-24.9,-4.4,-0.15
2006-12-01,91.0,12.53,9.84,3.458,0.4,-2.6,3.9,0.499,0.2,4.2,3.5,1.137,-0.5,5.0,8.7,1.057,0.8,-0.6,-0.4,3.113,-1.4,-1.9,-3.8,1.543,14.0,23.0,14.3,0.318,0.3,-6.7,5.0,3.004,0.6,-1.5,-7.3,0.958,-20.2,-35.4,8.2,0.555,0.0,0.9,5.9,1.639,-8.1,-14.1,-11.3,0.11,0.0,-6.8,7.8,2.46,3.6,-2.8,2.2,2.38,4.1,-9.7,6.7,2.334,4.1,-9.8,6.8,0.15
2007-01-01,92.85,12.17,10.06,3.51,1.5,-2.8,4.3,0.505,1.2,3.3,3.1,1.153,1.4,5.1,10.2,1.033,-2.3,-0.5,-2.7,3.288,5.6,4.8,1.7,1.549,0.4,23.2,6.9,0.346,8.8,7.8,5.5,3.067,2.1,0.1,-4.1,1.092,14.0,-23.3,30.5,0.563,1.4,-0.9,5.8,1.621,-1.1,-25.9,-25.0,0.113,2.7,0.9,4.6,2.368,-3.7,-1.2,-2.1,2.321,-2.5,0.1,-1.6,2.274,-2.6,0.1,-1.8,0.31
2007-02-01,91.55,12.13,9.89,3.566,1.6,3.5,5.3,0.507,0.4,1.8,-0.2,1.168,1.3,2.2,13.5,1.039,0.6,-1.0,-0.6,3.456,5.1,9.4,8.9,1.746,12.7,29.0,31.5,0.356,2.9,12.3,9.2,3.083,0.5,3.3,-4.4,1.375,25.9,14.6,50.3,0.554,-1.6,-0.2,3.7,1.644,1.4,-7.8,-13.9,0.113,0.0,2.7,4.6,2.425,2.4,2.1,0.1,2.333,0.5,2.0,-0.9,2.285,0.5,2.0,-1.1,0.54
2007-03-01,87.1,12.81,10.27,3.464,-2.9,0.2,2.0,0.51,0.6,2.2,0.4,1.161,-0.6,2.1,11.6,1.064,2.4,0.7,1.6,3.475,0.5,11.6,5.3,1.634,-6.4,5.9,25.5,0.357,0.3,12.3,9.5,3.072,-0.4,2.3,-2.8,1.301,-5.4,35.8,46.5,0.548,-1.1,-1.3,2.6,1.555,-5.4,-5.1,-5.7,0.113,0.0,2.7,3.7,2.505,3.3,1.8,3.1,2.639,13.1,10.9,8.0,2.592,13.4,11.1,8.0,0.91
2007-04-01,86.25,13.31,10.63,3.496,0.9,-0.4,4.6,0.517,1.4,2.4,1.8,1.201,3.4,4.2,12.0,1.115,4.8,7.9,5.8,3.437,-1.1,4.5,4.4,1.616,-1.1,4.3,26.0,0.354,-0.8,2.3,10.6,3.135,2.1,2.2,0.4,1.243,-4.5,13.8,41.9,0.556,1.5,-1.2,3.3,1.63,4.8,0.6,3.6,0.113,0.0,0.0,3.7,2.555,2.0,7.9,1.1,2.909,10.2,25.3,3.9,2.86,10.3,25.8,3.7,0.65
2007-05-01,84.85,14.69,10.77,3.651,4.4,2.4,10.3,0.503,-2.7,-0.8,-2.1,1.192,-0.7,2.1,9.8,1.118,0.3,7.6,8.1,3.308,-3.8,-4.3,-1.2,1.504,-6.9,-13.9,24.7,0.351,-0.8,-1.4,6.0,3.259,4.0,5.7,6.3,1.268,2.0,-7.8,28.1,0.544,-2.2,-1.8,-0.9,1.685,3.4,2.5,9.2,0.115,1.8,1.8,4.5,2.567,0.5,5.9,-0.2,3.176,9.2,36.1,6.1,3.13,9.4,37.0,6.2,0.61
2007-06-01,83.75,16.28,11.09,3.657,0.2,5.6,7.6,0.512,1.8,0.4,0.2,1.193,0.1,2.8,11.1,1.134,1.4,6.6,7.5,3.407,3.0,-2.0,7.9,1.373,-8.7,-16.0,10.5,0.35,-0.3,-2.0,4.2,3.427,5.2,11.6,14.2,1.321,4.2,1.5,18.1,0.529,-2.8,-3.5,-3.6,1.51,-10.4,-2.9,3.6,0.122,6.1,8.0,3.4,2.561,-0.2,2.2,-0.2,3.1,-2.4,17.5,4.6,3.052,-2.5,17.7,4.6,0.19
2007-07-01,85.75,16.71,11.07,3.723,1.8,6.5,6.1,0.509,-0.6,-1.5,0.2,1.209,1.3,0.7,12.9,1.13,-0.4,1.3,8.7,3.529,3.6,2.7,11.9,1.502,9.4,-7.1,23.8,0.353,0.9,-0.3,4.1,3.736,9.0,19.2,21.2,1.186,0.3,0.8,2.3,0.547,3.4,-1.6,-2.5,1.486,-1.6,-8.8,0.5,0.122,0.0,8.0,3.4,2.621,2.3,2.6,0.9,3.013,-2.8,3.6,-1.1,2.961,-3.0,3.5,-1.3,-0.03
2007-08-01,80.80000000000001,16.71,11.07,3.798,2.0,4.0,6.7,0.506,-0.6,0.6,2.8,1.21,0.1,1.5,11.2,1.145,1.3,2.4,9.3,3.497,-0.9,5.7,9.4,1.634,8.8,8.6,31.4,0.355,0.6,1.1,4.1,3.807,1.9,16.8,26.1,1.5,0.3,18.3,2.3,0.551,0.7,1.3,-2.5,1.485,-0.1,-11.9,-0.2,0.121,-0.8,5.2,2.5,2.634,0.5,2.6,-0.6,2.833,-6.0,-10.8,-6.6,2.782,-6.0,-11.1,-6.8,-0.18
2007-09-01,80.45,16.03,10.96,3.784,-0.4,3.5,6.5,0.505,-0.2,-1.4,5.4,1.212,0.2,1.6,11.9,1.142,-0.3,0.7,7.4,4.2925,-0.1,-0.25,-1.0,1.825,11.7,32.9,45.5,0.36,1.4,2.9,5.6,3.841,0.9,12.1,26.0,1.503,0.2,13.8,1.3,0.546,-0.9,3.2,-0.7,1.496,0.7,-0.9,-21.6,0.121,0.0,-0.8,2.5,2.706,2.7,5.7,6.9,2.839,0.2,-8.4,7.7,2.789,0.3,-8.6,7.7,0.28
2007-10-01,79.95,14.57,10.82,3.883,2.6,4.3,7.6,0.508,0.6,-0.2,3.9,1.274,5.1,5.4,16.1,1.135,-0.6,0.4,9.3,4.2925,-0.1,-0.25,-1.0,1.771,-3.0,17.9,40.9,0.355,-1.4,0.6,10.6,3.838,-0.1,2.7,25.3,1.542,2.6,0.8,8.4,0.555,1.6,1.5,-2.3,1.649,10.2,11.0,-24.6,0.117,-3.3,-4.1,4.5,2.808,3.8,7.1,17.2,2.843,0.1,-5.6,22.6,2.793,0.1,-5.7,22.9,0.21
2007-11-01,76.15,13.04,10.7,3.656,-5.8,-3.7,6.2,0.515,1.4,1.8,3.4,1.235,-3.1,2.1,8.0,1.161,2.3,1.4,10.7,3.607,-0.1,3.1,14.2,1.862,5.1,14.0,37.5,0.388,9.3,9.3,22.4,3.904,1.7,2.5,30.8,1.079,-30.0,-28.1,-10.1,0.544,-2.0,-1.3,-2.0,1.851,12.2,24.6,3.8,0.115,-1.7,-5.0,4.5,3.169,12.9,20.3,33.4,3.118,9.7,10.1,36.3,3.069,9.9,10.3,36.9,0.59
2007-12-01,74.7,12.34,10.33,3.688,0.9,-2.5,6.7,0.525,1.9,4.0,5.2,1.28,3.6,5.6,12.6,1.166,0.4,2.1,10.3,3.685,2.2,-0.25,18.4,2.099,12.7,15.0,36.0,0.398,2.6,10.6,25.2,3.87,-0.9,0.8,28.8,0.905,-16.1,-39.8,-5.5,0.551,1.3,0.9,-0.7,2.147,16.0,43.5,31.0,0.115,0.0,-5.0,4.5,3.247,2.5,20.0,32.0,3.069,-1.6,8.1,28.9,3.02,-1.6,8.3,29.4,-0.07
2008-01-01,74.15,12.24,10.14,3.652,-1.0,-5.9,4.0,0.521,-0.8,2.6,3.2,1.281,0.1,0.5,11.1,1.163,-0.3,2.5,12.6,4.2925,-0.1,-0.25,-1.0,2.175,3.6,22.8,40.4,0.421,5.8,18.6,21.7,3.871,0.0,0.9,26.2,0.905,0.0,-41.3,-17.1,0.568,3.1,2.3,0.9,2.032,-5.4,23.2,25.4,0.116,0.9,-0.9,2.7,3.337,2.8,18.8,40.9,3.096,0.9,8.9,33.4,3.047,0.9,9.1,34.0,0.5
2008-02-01,71.94999999999999,12.58,10.16,3.62,-0.9,-1.0,1.5,0.54,3.6,4.9,6.5,1.321,3.1,7.0,13.1,1.159,-0.3,-0.2,11.5,4.2925,-0.1,-0.25,-1.0,2.168,-0.3,16.4,24.2,0.455,8.1,17.3,27.8,3.869,-0.1,-0.9,25.5,0.887,-2.0,-17.8,-35.5,0.583,2.6,7.2,5.2,1.735,-14.6,-6.3,5.5,0.116,0.0,0.9,2.7,3.338,0.0,5.3,37.6,3.083,-0.4,-1.1,32.1,3.033,-0.5,-1.2,32.7,0.29
2008-03-01,69.75,13.13,10.45,3.623,0.1,-1.8,4.6,0.597,10.6,13.7,17.1,1.35,2.2,5.5,16.3,1.168,0.8,0.2,9.8,4.2925,-0.1,-0.25,-1.0,2.203,1.6,5.0,34.8,0.489,7.5,22.9,37.0,3.781,-2.3,-2.3,23.1,0.898,1.2,-0.8,-31.0,0.584,0.2,6.0,6.6,1.835,5.8,-14.5,18.0,0.116,0.0,0.9,2.7,3.699,10.8,13.9,47.7,3.307,7.3,7.8,25.3,3.258,7.4,7.9,25.7,0.87
2008-04-01,64.1,14.49,10.93,3.554,-1.9,-2.7,1.7,0.627,5.0,20.3,21.3,1.373,1.7,7.2,14.3,1.176,0.7,1.1,5.5,4.2925,-0.1,-0.25,-1.0,2.069,-6.1,-4.9,28.0,0.518,5.9,23.0,46.3,3.799,0.5,-1.9,21.2,0.931,3.7,2.9,-25.1,0.608,4.1,7.0,9.4,1.773,-3.4,-12.7,8.8,0.118,1.7,1.7,4.4,3.875,4.8,16.1,51.7,3.491,5.6,12.8,20.0,3.441,5.6,12.9,20.3,0.61
2008-05-01,61.55,16.33,11.4,3.637,2.3,0.5,-0.4,0.63,0.5,16.7,25.2,1.37,-0.2,3.7,14.9,1.194,1.5,3.0,6.8,4.2925,-0.1,-0.25,-1.0,1.93,-6.7,-11.0,28.3,0.534,3.1,17.4,52.1,3.76,-1.0,-2.8,15.4,1.008,8.3,13.6,-20.5,0.704,15.8,20.8,29.4,1.675,-5.5,-3.5,-0.6,0.12,1.7,3.4,4.3,4.185,8.0,25.4,63.0,3.813,9.2,23.7,20.1,3.764,9.4,24.1,20.3,0.84
2008-06-01,57.599999999999994,18.91,11.77,3.655,0.5,0.9,-0.1,0.633,0.5,6.0,23.6,1.373,0.2,1.7,15.1,1.181,-1.1,1.1,4.1,4.2925,-0.1,-0.25,-1.0,1.92,-0.5,-12.8,39.8,0.529,-0.9,8.2,51.1,3.773,0.3,-0.2,10.1,1.136,12.7,26.5,-14.0,0.753,7.0,28.9,42.3,1.814,8.3,-1.1,20.1,0.128,6.7,10.3,4.9,4.589,9.7,24.1,79.2,4.115,7.9,24.4,32.7,4.065,8.0,24.8,33.2,1.01
2008-07-01,61.05,20.77,12.07,3.605,-1.4,1.4,-3.2,0.627,-0.9,0.0,23.2,1.384,0.8,0.8,14.5,1.191,0.8,1.3,5.4,4.2925,-0.1,-0.25,-1.0,2.011,4.7,-2.8,33.9,0.544,2.8,5.0,54.1,3.961,5.0,4.3,6.0,1.291,13.6,38.7,2.3,0.795,5.6,30.8,45.3,1.713,-5.6,-3.4,15.3,0.131,2.3,11.0,7.4,4.649,1.3,20.0,77.4,4.142,0.7,18.6,37.5,4.09,0.6,18.9,38.1,0.53
2008-08-01,64.85,20.17,12.09,3.842,6.6,5.6,1.2,0.634,1.1,0.6,25.3,1.381,-0.2,0.8,14.1,1.223,2.7,2.4,6.8,4.2925,-0.1,-0.25,-1.0,1.854,-7.8,-3.9,13.5,0.539,-0.9,0.9,51.8,3.886,-1.9,3.4,2.1,1.452,12.5,44.0,-3.2,0.854,7.4,21.3,55.0,1.694,-1.1,1.1,14.1,0.132,0.8,10.0,9.1,4.217,-9.3,0.8,60.1,3.838,-7.3,0.7,35.5,3.786,-7.4,0.6,36.1,-0.4
2008-09-01,69.35,18.41,11.92,3.725,-3.0,1.9,-1.6,0.631,-0.5,-0.3,25.0,1.379,-0.1,0.4,13.8,1.214,-0.7,2.8,6.3,4.2925,-0.1,-0.25,-1.0,1.978,6.7,3.0,8.4,0.532,-1.3,0.6,47.8,3.773,-2.9,0.0,-1.8,1.471,1.3,29.5,-2.1,0.853,-0.1,13.3,56.2,1.591,-6.1,-12.3,6.4,0.13,-1.5,1.6,7.4,3.952,-6.3,-13.9,46.0,3.749,-2.3,-8.9,32.1,3.698,-2.3,-9.0,32.6,-0.14
2008-10-01,60.25,15.45,11.81,3.745,0.5,3.9,-3.6,0.629,-0.3,0.3,23.8,1.393,1.0,0.7,9.3,1.205,-0.7,1.2,6.2,4.2925,-0.1,-0.25,-1.0,1.858,-6.1,-7.6,4.9,0.521,-2.1,-4.2,46.8,3.656,-3.1,-7.7,-4.7,1.428,-2.9,10.6,-7.4,0.856,0.4,7.7,54.2,1.611,1.3,-6.0,-2.3,0.126,-3.1,-3.8,7.7,3.544,-10.3,-23.8,26.2,3.225,-14.0,-22.1,13.4,3.173,-14.2,-22.4,13.6,-1.01
2008-11-01,58.65,13.8,11.42,3.597,-4.0,-6.4,-1.6,0.626,-0.5,-1.3,21.6,1.377,-1.1,-0.3,11.5,1.304,8.2,6.6,12.3,4.2925,-0.1,-0.25,-1.0,1.838,-1.1,-0.9,-1.3,0.494,-5.2,-8.3,27.3,3.734,2.1,-3.9,-4.4,1.055,-26.1,-27.3,-2.2,0.82,-4.2,-4.0,50.7,1.722,6.9,1.7,-7.0,0.123,-2.4,-6.8,7.0,3.003,-15.3,-28.8,-5.2,2.208,-31.5,-42.5,-29.2,2.151,-32.2,-43.2,-29.9,-1.92
2008-12-01,63.05,12.84,10.86,3.67,2.0,-1.5,-0.5,0.617,-1.4,-2.2,17.5,1.415,2.8,2.6,10.5,1.305,0.1,7.5,11.9,4.2925,-0.1,-0.25,-1.0,1.834,-0.2,-7.3,-12.6,0.504,2.0,-5.3,26.6,3.681,-1.4,-2.4,-4.9,0.934,-11.5,-36.5,3.2,0.813,-0.9,-4.7,47.5,1.734,0.7,9.0,-19.2,0.124,0.8,-4.6,7.8,2.637,-12.2,-33.3,-18.8,1.742,-21.1,-53.5,-43.2,1.689,-21.5,-54.3,-44.1,-1.03
2009-01-01,63.6,12.49,10.98,3.73,1.6,-0.4,2.1,0.629,1.9,0.0,20.7,1.381,-2.4,-0.9,7.8,1.292,-1.0,7.2,11.1,4.2925,-0.1,-0.25,-1.0,1.85,0.9,-0.4,-14.9,0.517,2.6,-0.8,22.8,3.575,-2.9,-2.2,-7.6,0.896,-4.1,-37.3,-1.0,0.797,-2.0,-6.9,40.3,1.661,-4.2,3.1,-18.3,0.126,1.6,0.0,8.6,2.509,-4.9,-29.2,-24.8,1.838,5.5,-43.0,-40.6,1.787,5.8,-43.7,-41.4,0.44
2009-02-01,59.0,12.26,11.18,3.62,-2.9,0.6,0.0,0.641,1.9,2.4,18.7,1.404,1.7,2.0,6.3,1.29,-0.2,-1.1,11.3,4.2925,-0.1,-0.25,-1.0,1.795,-3.0,-2.3,-17.2,0.509,-1.5,3.0,11.9,3.319,-7.2,-11.1,-14.2,0.912,1.8,-13.6,2.8,0.783,-1.8,-4.5,34.3,1.556,-6.3,-9.6,-10.3,0.126,0.0,2.4,8.6,2.451,-2.3,-18.4,-26.6,1.979,7.7,-10.4,-35.8,1.928,7.9,-10.4,-36.4,0.5
2009-03-01,60.9,11.98,11.28,3.59,-0.8,-2.2,-0.9,0.634,-1.1,2.8,6.2,1.41,0.4,-0.4,4.4,1.301,0.9,-0.3,11.4,4.2925,-0.1,-0.25,-1.0,1.693,-5.7,-7.7,-23.2,0.503,-1.2,-0.2,2.9,3.116,-6.1,-15.3,-17.6,0.889,-2.5,-4.8,-1.0,0.774,-1.1,-4.8,32.5,1.511,-2.9,-12.9,-17.7,0.126,0.0,1.6,8.6,2.319,-5.4,-12.1,-37.3,2.0,1.1,14.8,-39.5,1.949,1.1,15.4,-40.2,0.24
2009-04-01,68.35,11.68,11.5,3.581,-0.3,-4.0,0.8,0.629,-0.8,0.0,0.3,1.395,-1.1,1.0,1.6,1.296,-0.4,0.3,10.2,4.2925,-0.1,-0.25,-1.0,1.774,4.8,-4.1,-14.3,0.485,-3.6,-6.2,-6.4,3.084,-1.0,-13.7,-18.8,0.91,2.4,1.6,-2.3,0.757,-2.2,-5.0,24.5,1.591,5.3,-4.2,-10.3,0.125,-0.8,-0.8,5.9,2.354,1.5,-6.2,-39.3,2.107,5.4,14.6,-39.6,2.056,5.5,15.1,-40.2,0.25
2009-05-01,70.05000000000001,12.86,11.78,3.663,2.3,1.2,0.7,0.622,-1.1,-3.0,-1.3,1.413,1.3,0.6,3.1,1.304,0.6,1.1,9.2,4.2925,-0.1,-0.25,-1.0,1.501,-15.4,-16.4,-22.2,0.515,6.2,1.2,-3.6,3.068,-0.5,-7.6,-18.4,0.963,5.8,5.6,-4.5,0.773,2.1,-1.3,9.8,1.584,-0.4,1.8,-5.4,0.126,0.8,0.0,5.0,2.344,-0.4,-4.4,-44.0,2.314,9.8,16.9,-39.3,2.265,10.2,17.5,-39.8,0.29
2009-06-01,69.9,14.26,11.81,3.621,-1.1,0.9,-0.9,0.617,-0.8,-2.7,-2.5,1.385,-2.0,-1.8,0.9,1.282,-1.7,-1.5,8.6,4.2925,-0.1,-0.25,-1.0,1.529,1.9,-9.7,-20.4,0.516,0.2,2.6,-2.5,3.009,-1.9,-3.4,-20.2,1.06,10.1,19.2,-6.7,0.766,-0.9,-1.0,1.7,1.604,1.3,6.2,-11.6,0.132,4.8,4.8,3.1,2.449,4.5,5.6,-46.6,2.681,15.9,34.1,-34.8,2.631,16.2,35.0,-35.3,0.86
2009-07-01,66.45,15.27,11.85,3.64,0.5,1.6,1.0,0.616,-0.2,-2.1,-1.8,1.391,0.4,-0.3,0.5,1.261,-1.6,-2.7,5.9,4.2925,-0.1,-0.25,-1.0,1.495,-2.2,-15.7,-25.7,0.519,0.6,7.0,-4.6,2.992,-0.6,-3.0,-24.5,1.191,12.4,30.9,-7.7,0.756,-1.3,-0.1,-4.9,1.618,0.9,1.7,-5.5,0.131,-0.8,4.8,0.0,2.452,0.1,4.2,-47.3,2.594,-3.2,23.1,-37.4,2.543,-3.3,23.7,-37.8,-0.16
2009-08-01,68.45,15.61,11.94,3.588,-1.4,-2.0,-6.6,0.611,-0.8,-1.8,-3.6,1.375,-1.2,-2.7,-0.4,1.287,2.1,-1.3,5.2,4.2925,-0.1,-0.25,-1.0,1.632,9.2,8.7,-12.0,0.517,-0.4,0.4,-4.1,2.979,-0.4,-2.9,-23.3,1.222,2.6,26.9,-15.8,0.752,-0.5,-2.7,-11.9,1.528,-5.6,-3.5,-9.8,0.13,-0.8,3.2,-1.5,2.559,4.4,9.2,-39.3,2.677,3.2,15.7,-30.3,2.627,3.3,16.0,-30.6,0.22
2009-09-01,72.85,14.8,11.96,3.592,0.1,-0.8,-3.6,0.605,-1.0,-1.9,-4.1,1.34,-2.5,-3.2,-2.8,1.258,-2.3,-1.9,3.6,4.2925,-0.1,-0.25,-1.0,1.627,-0.3,6.4,-17.7,0.51,-1.4,-1.2,-4.1,2.981,0.1,-0.9,-21.0,1.255,2.7,18.4,-14.7,0.76,1.1,-0.8,-10.9,1.538,0.7,-4.1,-3.3,0.13,0.0,-1.5,0.0,2.553,-0.2,4.2,-35.4,2.626,-1.9,-2.1,-30.0,2.574,-2.0,-2.2,-30.4,0.06
2009-10-01,71.19999999999999,11.78,11.65,3.603,0.3,-1.0,-3.8,0.598,-1.2,-2.9,-4.9,1.392,3.9,0.1,-0.1,1.244,-1.1,-1.3,3.2,4.2925,-0.1,-0.25,-1.0,1.595,-2.0,6.7,-14.2,0.5,-2.0,-3.7,-4.0,3.046,2.2,1.8,-16.7,1.262,0.6,6.0,-11.6,0.751,-1.2,-0.7,-12.3,1.595,3.7,-1.4,-1.0,0.126,-3.1,-3.8,0.0,2.603,2.0,6.2,-26.6,2.613,-0.5,0.7,-19.0,2.561,-0.5,0.7,-19.3,0.1
2009-11-01,68.30000000000001,11.48,11.26,3.498,-2.9,-2.5,-2.8,0.561,-6.2,-8.2,-10.4,1.373,-1.4,-0.1,-0.3,1.256,1.0,-2.4,-3.7,4.2925,-0.1,-0.25,-1.0,1.705,6.9,4.5,-7.2,0.458,-8.4,-11.4,-7.3,3.034,-0.4,1.8,-18.7,1.113,-11.8,-8.9,5.5,0.768,2.3,2.1,-6.3,1.726,8.2,13.0,0.2,0.124,-1.6,-4.6,0.8,2.79,7.2,9.0,-7.1,2.709,3.7,1.2,22.7,2.66,3.9,1.3,23.7,0.07
2009-12-01,70.5,10.42,10.9,3.57,2.1,-0.6,-2.7,0.571,1.8,-5.6,-7.5,1.39,1.2,3.7,-1.8,1.267,0.9,0.7,-2.9,3.669,-0.1,-0.25,-1.0,1.772,3.9,8.9,-3.4,0.464,1.3,-9.0,-7.9,3.105,2.3,4.2,-15.6,0.932,-16.3,-25.7,-0.2,0.751,-2.2,-1.2,-7.6,1.961,13.6,27.5,13.1,0.124,0.0,-4.6,0.0,2.788,-0.1,9.2,5.7,2.671,-1.4,1.7,53.3,2.621,-1.5,1.8,55.2,-0.18
2010-01-01,74.15,10.56,10.49,3.63,1.7,0.7,-2.7,0.586,2.6,-2.0,-6.8,1.36,-2.2,-2.3,-1.5,1.265,-0.2,1.7,-2.1,3.811,3.9,-0.25,-1.0,1.789,1.0,12.2,-3.3,0.491,5.8,-1.8,-5.0,3.236,4.2,6.2,-9.5,0.899,-3.5,-28.8,0.3,0.754,0.4,0.4,-5.4,1.837,-6.3,15.2,10.6,0.124,0.0,-1.6,-1.6,2.967,6.4,14.0,18.3,2.779,4.0,6.4,51.2,2.731,4.2,6.6,52.8,0.34
2010-02-01,73.05,10.69,10.89,3.642,0.3,4.1,0.6,0.587,0.2,4.6,-8.4,1.361,0.1,-0.9,-3.1,1.265,0.0,0.7,-1.9,3.736,-2.0,-0.25,-1.0,1.872,4.6,9.8,4.3,0.496,1.0,8.3,-2.6,3.203,-1.0,5.6,-3.5,0.87,-3.2,-21.8,-4.6,0.759,0.7,-1.2,-3.1,1.765,-3.9,2.3,13.4,0.123,-0.8,-0.8,-2.4,2.89,-2.6,3.6,17.9,2.709,-2.5,0.0,36.9,2.659,-2.6,0.0,37.9,0.02
2010-03-01,72.1,10.99,11.11,3.669,0.7,2.8,2.2,0.575,-2.0,0.7,-9.3,1.368,0.5,-1.6,-3.0,1.231,-2.7,-2.8,-5.4,3.565,-4.6,-2.8,-1.0,1.822,-2.7,2.8,7.6,0.479,-3.4,3.2,-4.8,3.188,-0.5,2.7,2.3,0.858,-1.4,-7.9,-3.5,0.764,0.7,1.7,-1.3,2.007,13.7,2.3,32.8,0.125,1.6,0.8,-0.8,2.908,0.6,4.3,25.4,2.829,4.4,5.9,41.5,2.78,4.6,6.1,42.6,0.41
2010-04-01,74.95,11.97,11.71,3.643,-0.7,0.4,1.7,0.58,0.9,-1.0,-7.8,1.363,-0.4,0.2,-2.3,1.23,-0.1,-2.8,-5.1,3.641,2.1,-4.5,-1.0,1.779,-2.4,-0.6,0.3,0.473,-1.3,-3.7,-2.5,3.14,-1.5,-3.0,1.8,0.871,1.5,-3.1,-4.3,0.759,-0.7,0.7,0.3,2.132,6.2,16.1,34.0,0.126,0.8,1.6,0.8,2.981,2.5,0.5,26.6,2.906,2.7,4.6,37.9,2.858,2.8,4.7,39.0,0.17
2010-05-01,71.9,13.12,11.91,3.862,6.0,6.0,5.4,0.571,-1.6,-2.7,-8.2,1.359,-0.3,-0.1,-3.8,1.259,2.4,-0.5,-3.5,3.664,0.6,-1.9,-1.0,1.523,-14.4,-18.6,1.5,0.485,2.5,-2.2,-5.8,3.178,1.2,-0.8,3.6,0.952,9.3,9.4,-1.1,0.746,-1.7,-1.7,-3.5,1.918,-10.0,8.7,21.1,0.127,0.8,3.3,0.8,2.913,-2.3,0.8,24.3,2.915,0.3,7.6,26.0,2.869,0.4,7.9,26.7,0.08
2010-06-01,71.5,14.86,11.91,4.046,4.8,10.3,11.7,0.577,1.1,0.3,-6.5,1.383,1.8,1.1,-0.1,1.239,-1.6,0.6,-3.4,3.697,0.9,3.7,-1.0,1.494,-1.9,-18.0,-2.3,0.484,-0.2,1.0,-6.2,3.297,3.7,3.4,9.6,1.096,15.1,27.7,3.4,0.739,-0.9,-3.3,-3.5,1.586,-17.3,-21.0,-1.1,0.132,3.9,5.6,0.0,2.828,-2.9,-2.8,15.5,2.783,-4.5,-1.6,3.8,2.736,-4.6,-1.6,4.0,-0.1
2010-07-01,66.75,16.21,12.04,4.213,4.1,15.6,15.7,0.583,1.0,0.5,-5.4,1.36,-1.7,-0.2,-2.2,1.28,3.3,4.1,1.5,3.857,4.3,5.9,-1.0,1.441,-3.5,-19.0,-3.6,0.484,0.0,2.3,-6.7,3.313,0.5,5.5,10.7,1.149,4.8,31.9,-3.5,0.749,1.4,-1.3,-0.9,1.544,-2.6,-27.6,-4.6,0.133,0.8,5.6,1.5,2.8,-1.0,-6.1,14.2,2.783,0.0,-4.2,7.3,2.736,0.0,-4.3,7.6,0.02
2010-08-01,67.35,16.65,12.03,4.353,3.3,12.7,21.3,0.576,-1.2,0.9,-5.7,1.372,0.9,1.0,-0.2,1.254,-2.0,-0.4,-2.6,3.935,2.0,7.4,-1.0,1.519,5.4,-0.3,-6.9,0.489,1.0,0.8,-5.4,3.303,-0.3,3.9,10.9,1.242,8.1,30.5,1.6,0.743,-0.8,-0.4,-1.2,1.405,-9.0,-26.7,-8.0,0.133,0.0,4.7,2.3,2.814,0.5,-3.4,10.0,2.795,0.4,-4.1,4.4,2.745,0.3,-4.3,4.5,0.14
2010-09-01,68.2,15.63,11.95,4.574,5.1,13.0,27.3,0.573,-0.5,-0.7,-5.3,1.386,1.0,0.2,3.4,1.276,1.8,3.0,1.4,4.174,6.1,12.9,-1.0,1.753,15.4,17.3,7.7,0.483,-1.2,-0.2,-5.3,3.278,-0.8,-0.6,10.0,1.302,4.8,18.8,3.7,0.723,-2.7,-2.2,-4.9,1.503,7.0,-5.2,-2.3,0.132,-0.8,0.0,1.5,2.83,0.6,0.1,10.8,2.754,-1.5,-1.0,4.9,2.704,-1.5,-1.2,5.1,0.06
2010-10-01,70.5,13.37,11.86,4.773,4.4,13.3,32.5,0.58,1.2,-0.5,-3.0,1.407,1.5,3.5,1.1,1.302,2.0,1.7,4.7,4.175,0.0,8.2,-1.0,1.456,-16.9,1.0,-8.7,0.472,-2.3,-2.5,-5.6,3.321,1.3,0.2,9.0,1.281,-1.6,11.5,1.5,0.714,-1.2,-4.7,-4.9,1.502,-0.1,-2.7,-5.8,0.127,-3.8,-4.5,0.8,2.936,3.7,4.9,12.8,2.843,3.2,2.2,8.8,2.795,3.4,2.2,9.1,0.12
2010-11-01,71.5,10.89,11.62,4.697,-1.6,7.9,34.3,0.581,0.2,0.9,3.6,1.375,-2.3,0.2,0.1,1.277,-1.9,1.8,1.7,4.467,7.0,13.5,-1.0,1.675,15.0,10.3,-1.8,0.446,-5.5,-8.8,-2.6,3.327,0.2,0.7,9.7,1.2,-6.3,-3.4,7.8,0.71,-0.6,-4.4,-7.6,1.519,1.1,8.1,-12.0,0.125,-1.6,-6.0,0.8,3.044,3.7,8.2,9.1,2.899,2.0,3.7,7.0,2.852,2.0,3.9,7.2,0.04
2010-12-01,72.35,9.98,11.06,4.16,-11.4,-9.1,16.5,0.587,1.0,2.4,2.8,1.386,0.8,0.0,-0.3,1.28,0.2,0.3,1.0,4.146,-7.2,-0.7,13.0,1.793,7.0,2.3,1.2,0.441,-1.1,-8.7,-5.0,3.318,-0.3,1.2,6.9,1.021,-14.9,-21.6,9.5,0.728,2.5,0.7,-3.1,1.591,4.7,5.9,-18.9,0.125,0.0,-5.3,0.8,3.193,4.9,12.8,14.5,3.031,4.6,10.1,13.5,2.985,4.7,10.4,13.9,0.17
2011-01-01,75.45,9.9,10.87,4.25,2.2,-11.0,17.1,0.596,1.5,2.8,1.7,1.401,1.1,-0.4,3.0,1.241,-3.0,-4.7,-1.9,4.417,6.5,5.8,15.9,1.806,0.7,24.0,1.0,0.477,8.2,1.1,-2.9,3.301,-0.5,-0.6,2.0,1.052,3.0,-17.9,17.0,0.742,1.9,3.9,-1.6,1.59,-0.1,5.9,-13.4,0.125,0.0,-1.6,0.8,3.415,7.0,16.3,15.1,3.139,3.6,10.4,13.0,3.091,3.6,10.6,13.2,0.48
2011-02-01,77.0,10.14,11.06,4.366,2.7,-7.0,19.9,0.625,4.9,7.6,6.5,1.398,-0.2,1.7,2.7,1.266,2.0,-0.9,0.1,4.218,-4.5,-5.6,12.9,1.708,-5.4,2.0,-8.8,0.494,3.6,10.8,-0.4,3.357,1.7,0.9,4.8,0.989,-6.0,-17.6,13.7,0.747,0.7,5.2,-1.6,1.832,15.2,20.6,3.8,0.125,0.0,0.0,1.6,3.607,5.6,18.5,24.8,3.215,2.4,10.9,18.7,3.167,2.5,11.0,19.1,0.49
2011-03-01,69.6,10.43,11.52,4.537,3.9,9.1,23.7,0.621,-0.6,5.8,8.0,1.415,1.2,2.1,3.4,1.269,0.2,-0.9,3.1,4.642,10.1,12.0,30.2,1.732,1.4,-3.4,-4.9,0.508,2.8,15.2,6.1,3.503,4.3,5.6,9.9,0.957,-3.2,-6.3,11.5,0.745,-0.3,2.3,-2.5,2.086,13.9,31.1,3.9,0.127,1.6,1.6,1.6,3.827,6.1,19.9,31.6,3.594,11.8,18.6,27.0,3.546,12.0,18.8,27.6,0.98
2011-04-01,69.1,11.27,11.67,4.662,2.8,9.7,28.0,0.621,0.0,4.2,7.1,1.42,0.4,1.4,4.2,1.261,-0.6,1.6,2.5,5.101,9.9,15.5,40.1,1.727,-0.3,-4.4,-2.9,0.5,-1.6,4.8,5.7,3.597,2.7,9.0,14.6,0.926,-3.2,-12.0,6.3,0.734,-1.5,-1.1,-3.3,2.27,8.8,42.8,6.5,0.127,0.0,1.6,0.8,3.975,3.9,16.4,33.3,3.863,7.5,23.1,32.9,3.816,7.6,23.5,33.5,0.64
2011-05-01,71.19999999999999,12.5,11.93,4.77,2.3,9.3,23.5,0.617,-0.6,-1.3,8.1,1.472,3.7,5.3,8.3,1.302,3.3,2.8,3.4,5.129,0.5,21.6,40.0,1.692,-2.0,-0.9,11.1,0.521,4.2,5.5,7.4,3.653,1.6,8.8,14.9,0.916,-1.1,-7.4,-3.8,0.767,4.5,2.7,2.8,1.794,-21.0,-2.1,-6.5,0.129,1.6,3.2,1.6,3.914,-1.5,8.5,34.4,3.982,3.1,23.9,36.6,3.933,3.1,24.2,37.1,0.47
2011-06-01,68.8,14.7,11.97,4.84,1.5,6.7,19.6,0.614,-0.5,-1.1,6.4,1.49,1.2,5.3,7.7,1.305,0.2,2.8,5.3,5.234,2.0,12.8,41.6,1.683,-0.5,-2.8,12.7,0.528,1.3,3.9,9.1,3.622,-0.8,3.4,9.9,1.014,10.7,6.0,-7.5,0.755,-1.6,1.3,2.2,1.559,-13.1,-25.3,-1.7,0.134,3.9,5.5,1.5,3.824,-2.3,-0.1,35.2,3.753,-5.8,4.4,34.9,3.702,-5.9,4.4,35.3,-0.11
2011-07-01,65.25,16.14,12.09,4.755,-1.8,2.0,12.9,0.611,-0.5,-1.6,4.8,1.513,1.5,6.5,11.3,1.306,0.1,3.6,2.0,5.547,6.0,8.7,43.8,1.647,-2.1,-4.6,14.3,0.533,0.9,6.6,10.1,3.654,0.9,1.6,10.3,1.078,6.3,16.4,-6.2,0.716,-5.2,-2.5,-4.4,1.442,-7.5,-36.5,-6.6,0.135,0.7,6.3,1.5,3.689,-3.5,-7.2,31.8,3.703,-1.3,-4.1,33.1,3.654,-1.3,-4.2,33.6,0.09
2011-08-01,58.599999999999994,16.67,12.09,4.77,0.3,0.0,9.6,0.606,-0.8,-1.8,5.2,1.474,-2.6,0.1,7.4,1.296,-0.8,-0.5,3.3,5.766,3.9,12.4,46.5,1.711,3.9,1.1,12.6,0.537,0.8,3.1,9.8,3.713,1.6,1.6,12.4,1.268,17.6,38.4,2.1,0.715,-0.1,-6.8,-3.8,1.42,-1.5,-20.8,1.1,0.135,0.0,4.7,1.5,3.671,-0.5,-6.2,30.5,3.68,-0.6,-7.6,31.7,3.63,-0.7,-7.7,32.2,0.28
2011-09-01,61.65,15.63,12.17,4.819,1.0,-0.4,5.4,0.607,0.2,-1.1,5.9,1.477,0.2,-0.9,6.6,1.294,-0.2,-0.8,1.4,5.651,-2.0,8.0,35.4,1.947,13.8,15.7,11.1,0.55,2.4,4.2,13.9,3.715,0.1,2.6,13.3,1.438,13.4,41.8,10.4,0.719,0.6,-4.8,-0.6,1.503,5.8,-3.6,0.0,0.135,0.0,0.7,2.3,3.654,-0.5,-4.4,29.1,3.664,-0.4,-2.4,33.0,3.612,-0.5,-2.4,33.6,0.15
2011-10-01,62.699999999999996,12.85,12.08,4.586,-4.8,-3.6,-3.9,0.607,0.0,-0.7,4.7,1.457,-1.4,-3.7,3.6,1.312,1.4,0.5,0.8,5.511,-2.5,-0.6,32.0,1.871,-3.9,13.6,28.5,0.542,-1.5,1.7,14.8,3.622,-2.5,-0.9,9.1,1.386,-3.6,28.6,8.2,0.767,6.7,7.1,7.4,1.465,-2.5,1.6,-2.5,0.13,-3.7,-3.7,2.4,3.642,-0.3,-1.3,24.0,3.521,-3.9,-4.9,23.8,3.468,-4.0,-5.1,24.1,-0.21
2011-11-01,65.0,10.78,11.78,4.637,1.1,-2.8,-1.3,0.598,-1.5,-1.3,2.9,1.399,-4.0,-5.1,1.7,1.304,-0.6,0.6,2.1,5.636,2.3,-2.3,26.2,1.836,-1.9,7.3,9.6,0.517,-4.6,-3.7,15.9,3.557,-1.8,-4.2,6.9,1.142,-17.6,-9.9,-4.8,0.752,-2.0,5.2,5.9,1.516,3.5,6.8,-0.2,0.128,-1.5,-5.2,2.4,3.682,1.1,0.3,21.0,3.475,-1.3,-5.6,19.9,3.423,-1.3,-5.7,20.0,-0.08
2011-12-01,70.1,9.83,11.4,4.55,-1.9,-5.6,9.4,0.599,0.2,-1.3,2.0,1.42,1.5,-3.9,2.5,1.34,2.8,3.6,4.7,5.437,-3.5,-3.8,31.1,1.874,2.1,-3.7,4.5,0.51,-1.4,-7.3,15.6,3.565,0.2,-4.0,7.4,0.983,-13.9,-31.6,-3.7,0.729,-3.1,1.4,0.1,1.531,1.0,1.9,-3.8,0.127,-0.8,-5.9,1.6,3.646,-1.0,-0.2,14.2,3.329,-4.2,-9.1,9.8,3.278,-4.2,-9.2,9.8,-0.25
2012-01-01,75.9,9.62,11.41,4.571,0.5,-0.3,7.6,0.604,0.8,-0.5,1.3,1.423,0.2,-2.3,1.6,1.334,-0.4,1.7,7.5,5.497,1.1,-0.3,24.5,1.939,3.5,3.6,7.4,0.528,3.5,-2.6,10.7,3.583,0.5,-1.1,8.5,0.929,-5.5,-33.0,-11.7,0.739,1.4,-3.7,-0.4,1.542,0.7,5.3,-3.0,0.128,0.8,-1.5,2.4,3.697,1.4,1.5,8.3,3.447,3.5,-2.1,9.8,3.399,3.7,-2.0,10.0,0.44
2012-02-01,75.44999999999999,9.47,11.51,4.655,1.8,0.4,6.6,0.603,-0.2,0.8,-3.5,1.442,1.3,3.1,3.1,1.356,1.6,4.0,7.1,5.382,-2.1,-4.5,27.6,1.798,-7.3,-2.1,5.3,0.528,0.0,2.1,6.9,3.52,-1.8,-1.0,4.9,0.852,-8.3,-25.4,-13.9,0.718,-2.8,-4.5,-3.9,1.433,-7.1,-5.5,-21.8,0.128,0.0,0.0,2.4,3.804,2.9,3.3,5.5,3.622,5.1,4.2,12.7,3.572,5.1,4.4,12.8,0.44
2012-03-01,75.6,10.41,11.7,4.6,-1.2,1.1,1.4,0.607,0.7,1.3,-2.3,1.395,-3.3,-1.8,-1.4,1.372,1.2,2.4,8.1,5.558,3.3,2.2,19.7,1.774,-1.3,-5.3,2.4,0.519,-1.7,1.8,2.2,3.499,-0.6,-1.9,-0.1,0.85,-0.2,-13.5,-11.2,0.7,-2.5,-4.0,-6.0,1.452,1.3,-5.2,-30.4,0.127,-0.8,0.0,0.0,3.909,2.8,7.2,2.1,3.918,8.2,17.7,9.0,3.868,8.3,18.0,9.1,0.76
2012-04-01,75.30000000000001,10.94,11.92,4.533,-1.5,-0.8,-2.8,0.603,-0.7,-0.2,-2.9,1.426,2.2,0.2,0.4,1.401,2.1,5.0,11.1,5.513,-0.8,0.3,8.1,1.829,3.1,-5.7,5.9,0.515,-0.8,-2.5,3.0,3.474,-0.7,-3.0,-3.4,0.91,7.1,-2.0,-1.7,0.696,-0.6,-5.8,-5.2,1.388,-4.4,-10.0,-38.9,0.127,0.0,-0.8,0.0,3.858,-1.3,4.4,-2.9,3.976,1.5,15.3,2.9,3.927,1.5,15.5,2.9,0.3
2012-05-01,78.75,12.61,11.9,4.385,-3.3,-5.8,-8.1,0.599,-0.7,-0.7,-2.9,1.412,-1.0,-2.1,-4.1,1.347,-3.9,-0.7,3.5,5.596,1.5,4.0,9.1,1.691,-7.5,-6.0,-0.1,0.513,-0.4,-2.8,-1.5,3.427,-1.4,-2.6,-6.2,0.968,6.4,13.6,5.7,0.677,-2.7,-5.7,-11.7,1.336,-3.7,-6.8,-25.5,0.129,1.6,0.8,0.0,3.749,-2.8,-1.4,-4.2,3.839,-3.4,6.0,-3.6,3.792,-3.4,6.2,-3.6,-0.12
2012-06-01,73.25,14.18,12.09,4.326,-1.3,-6.0,-10.6,0.605,1.0,-0.3,-1.5,1.403,-0.6,0.6,-5.8,1.39,3.2,1.3,6.5,5.582,-0.3,0.4,6.6,1.67,-1.2,-5.9,-0.8,0.519,1.2,0.0,-1.7,3.396,-0.9,-2.9,-6.2,1.032,6.6,21.4,1.8,0.681,0.6,-2.7,-9.8,1.492,11.7,2.8,-4.3,0.135,4.7,6.3,0.7,3.513,-6.3,-10.1,-8.1,3.602,-6.2,-8.1,-4.0,3.552,-6.3,-8.2,-4.1,-0.15
2012-07-01,74.65,15.13,12.0,4.365,0.9,-3.7,-8.2,0.604,-0.2,0.2,-1.1,1.427,1.7,0.1,-5.7,1.454,4.6,3.8,11.3,5.723,2.5,3.8,3.2,1.648,-1.3,-9.9,0.1,0.516,-0.6,0.2,-3.2,3.428,0.9,-1.3,-6.2,1.127,9.2,23.8,4.5,0.681,0.0,-2.2,-4.9,1.506,0.9,8.5,4.4,0.133,-1.5,4.7,-1.5,3.492,-0.6,-9.5,-5.3,3.502,-2.8,-11.9,-5.4,3.451,-2.8,-12.1,-5.6,-0.16
2012-08-01,75.35,15.82,12.17,4.609,5.6,5.1,-3.4,0.595,-1.5,-0.7,-1.8,1.407,-1.4,-0.4,-4.5,1.433,-1.4,6.4,10.6,5.693,-0.5,1.7,-1.3,1.884,14.3,11.4,10.1,0.531,2.9,3.5,-1.1,3.474,1.3,1.4,-6.4,1.283,13.8,32.5,1.2,0.683,0.3,0.9,-4.5,1.44,-4.4,7.8,1.4,0.133,0.0,3.1,-1.5,3.66,4.8,-2.4,-0.3,3.759,7.3,-2.1,2.1,3.707,7.4,-2.2,2.1,0.56
2012-09-01,79.1,14.72,12.3,4.692,1.8,8.5,-2.6,0.597,0.3,-1.3,-1.6,1.401,-0.4,-0.1,-5.1,1.455,1.5,4.7,12.4,5.693,0.0,2.0,0.7,1.889,0.3,13.1,-3.0,0.528,-0.6,1.7,-4.0,3.469,-0.1,2.1,-6.6,1.296,1.0,25.6,-9.9,0.684,0.1,0.4,-4.9,1.384,-3.9,-7.2,-7.9,0.133,0.0,-1.5,-1.5,3.817,4.3,8.7,4.5,3.908,4.0,8.5,6.7,3.856,4.0,8.6,6.8,0.45
2012-10-01,81.3,11.68,12.03,4.661,-0.7,6.8,1.6,0.602,0.8,-0.3,-0.8,1.422,1.5,-0.4,-2.4,1.53,5.2,5.2,16.6,5.888,3.4,2.9,6.8,1.96,3.8,18.9,4.8,0.509,-3.6,-1.4,-6.1,3.524,1.6,2.8,-2.7,1.254,-3.2,11.3,-9.5,0.685,0.1,0.6,-10.7,1.443,4.3,-4.2,-1.5,0.128,-3.8,-3.8,-1.5,3.847,0.8,10.2,5.6,3.839,-1.8,9.6,9.0,3.786,-1.8,9.7,9.2,-0.04
2012-11-01,78.25,9.99,11.75,4.64,-0.5,0.7,0.1,0.6,-0.3,0.8,0.3,1.418,-0.3,0.8,1.4,1.512,-1.2,5.5,16.0,6.066,3.0,6.6,7.6,1.963,0.2,4.2,6.9,0.497,-2.4,-6.4,-3.9,3.536,0.3,1.8,-0.6,1.102,-12.1,-14.1,-3.5,0.704,2.8,3.1,-6.4,1.469,1.8,2.0,-3.1,0.127,-0.8,-4.5,-0.8,3.847,0.0,5.1,4.5,3.542,-7.7,-5.8,1.9,3.488,-7.9,-5.9,1.9,-0.47
2012-12-01,74.25,9.8,11.62,4.639,0.0,-1.1,2.0,0.606,1.0,1.5,1.2,1.436,1.3,2.5,1.1,1.482,-2.0,1.9,10.6,5.921,-2.4,4.0,8.9,2.007,2.2,6.2,7.1,0.5,0.6,-5.3,-2.0,3.58,1.2,3.2,0.4,1.035,-6.1,-20.1,5.3,0.714,1.4,4.4,-2.1,1.594,8.5,15.2,4.1,0.127,0.0,-4.5,0.0,3.844,-0.1,0.7,5.4,3.386,-4.4,-13.4,1.7,3.331,-4.5,-13.6,1.6,-0.27
2013-01-01,74.3,9.15,11.46,4.722,1.8,1.3,3.3,0.609,0.5,1.2,0.8,1.422,-1.0,0.0,-0.1,1.497,1.0,-2.2,12.2,5.902,-0.3,0.2,7.4,1.933,-3.7,-1.4,-0.3,0.524,4.8,2.9,-0.8,3.526,-1.5,0.1,-1.6,0.991,-4.3,-21.0,6.7,0.715,0.1,4.4,-3.2,1.545,-3.1,7.1,0.2,0.129,1.6,0.8,0.8,3.841,-0.1,-0.2,3.9,3.407,0.6,-11.3,-1.2,3.351,0.6,-11.5,-1.4,0.3
2013-02-01,75.5,9.23,11.63,4.831,2.3,4.1,3.8,0.611,0.3,1.8,1.3,1.411,-0.8,-0.5,-2.1,1.456,-2.7,-3.7,7.4,5.742,-2.7,-5.3,6.7,1.965,1.7,0.1,9.3,0.524,0.0,5.4,-0.8,3.48,-1.3,-1.6,-1.1,0.998,0.7,-9.4,17.1,0.708,-1.0,0.6,-1.4,1.497,-3.1,1.9,4.5,0.129,0.0,1.6,0.8,3.965,3.2,3.1,4.2,3.748,10.0,5.8,3.5,3.693,10.2,5.9,3.4,0.82
2013-03-01,77.35,9.35,11.61,4.909,1.6,5.8,6.7,0.609,-0.3,0.5,0.3,1.412,0.1,-1.7,1.2,1.471,1.0,-0.7,7.2,6.014,4.7,1.6,8.2,1.925,-2.0,-4.1,8.5,0.499,-4.8,-0.2,-3.9,3.431,-1.4,-4.2,-1.9,0.988,-1.0,-4.5,16.2,0.714,0.8,0.0,2.0,1.493,-0.3,-6.3,2.8,0.128,-0.8,0.8,0.8,3.879,-2.2,0.9,-0.8,3.792,1.2,12.0,-3.2,3.735,1.1,12.1,-3.4,0.26
2013-04-01,77.80000000000001,10.43,11.93,4.887,-0.4,3.5,7.8,0.597,-2.0,-2.0,-1.0,1.409,-0.2,-0.9,-1.2,1.473,0.1,-1.6,5.1,5.674,-5.7,-3.9,2.9,1.918,-0.4,-0.8,4.9,0.522,4.6,-0.4,1.4,3.428,-0.1,-2.8,-1.3,0.981,-0.7,-1.0,7.8,0.724,1.4,1.3,4.0,1.46,-2.2,-5.5,5.2,0.128,0.0,-0.8,0.8,3.701,-4.6,-3.6,-4.1,3.647,-3.8,7.0,-8.3,3.59,-3.9,7.1,-8.6,-0.1
2013-05-01,82.6,12.61,12.4,5.092,4.2,5.4,16.1,0.603,1.0,-1.3,0.7,1.401,-0.6,-0.7,-0.8,1.466,-0.5,0.7,8.8,5.678,0.1,-1.1,1.5,1.87,-2.5,-4.8,10.6,0.53,1.5,1.1,3.3,3.441,0.4,-1.1,0.4,1.048,6.8,5.0,8.3,0.702,-3.0,-0.8,3.7,1.454,-0.4,-2.9,8.8,0.131,2.3,1.6,1.6,3.599,-2.8,-9.2,-4.0,3.682,1.0,-1.8,-4.1,3.623,0.9,-1.9,-4.5,0.18
2013-06-01,82.75,15.02,12.54,5.334,4.8,8.7,23.3,0.603,0.0,-1.0,-0.3,1.439,2.7,1.9,2.6,1.509,2.9,2.6,8.6,5.588,-1.6,-7.1,0.1,1.859,-0.6,-3.4,11.3,0.533,0.6,6.8,2.7,3.458,0.5,0.8,1.8,1.147,9.4,16.1,11.1,0.723,3.0,1.3,6.2,1.47,1.1,-1.5,-1.5,0.137,4.6,7.0,1.5,3.569,-0.8,-8.0,1.6,3.693,0.3,-2.6,2.5,3.633,0.3,-2.7,2.3,0.24
2013-07-01,80.85,16.3,12.65,5.494,3.0,12.4,25.9,0.602,-0.2,0.8,-0.3,1.434,-0.3,1.8,0.5,1.484,-1.7,0.7,2.1,5.394,-3.5,-4.9,-5.7,1.833,-1.4,-4.4,11.2,0.53,-0.6,1.5,2.7,3.449,-0.3,0.6,0.6,1.287,12.2,31.2,14.2,0.721,-0.3,-0.4,5.9,1.43,-2.7,-2.1,-5.0,0.137,0.0,7.0,3.0,3.604,1.0,-2.6,3.2,3.687,-0.2,1.1,5.3,3.628,-0.1,1.1,5.1,0.04
2013-08-01,79.6,16.43,12.53,5.618,2.3,10.3,21.9,0.595,-1.2,-1.3,0.0,1.408,-1.8,0.5,0.1,1.489,0.3,1.6,3.9,5.214,-3.3,-8.2,-8.4,1.838,0.3,-1.7,-2.4,0.529,-0.2,-0.2,-0.4,3.448,0.0,0.2,-0.7,1.377,7.0,31.4,7.3,0.737,2.2,5.0,7.9,1.509,5.5,3.8,4.8,0.137,0.0,4.6,3.0,3.651,1.3,1.4,-0.2,3.658,-0.8,-0.7,-2.7,3.6,-0.8,-0.6,-2.9,0.12
2013-09-01,77.55,15.69,12.51,5.68,1.1,6.5,21.1,0.601,1.0,-0.3,0.7,1.419,0.8,-1.4,1.3,1.528,2.6,1.3,5.0,5.091,-2.4,-8.9,-10.6,1.897,3.2,2.0,0.4,0.522,-1.3,-2.1,-1.1,3.428,-0.6,-0.9,-1.2,1.334,-3.1,16.3,2.9,0.741,0.5,2.5,8.3,1.566,3.8,6.5,13.2,0.137,0.0,0.0,3.0,3.694,1.2,3.5,-3.2,3.616,-1.1,-2.1,-7.5,3.556,-1.2,-2.1,-7.8,0.12
2013-10-01,71.55000000000001,12.38,12.36,5.708,0.5,3.9,22.5,0.586,-2.5,-2.7,-2.7,1.358,-4.3,-5.3,-4.5,1.543,1.0,4.0,0.8,5.149,1.1,-4.5,-12.6,1.925,1.5,5.0,-1.8,0.516,-1.1,-2.6,1.4,3.462,1.0,0.4,-1.8,1.328,-0.4,3.2,5.9,0.734,-0.9,1.8,7.2,1.66,0.1,-0.6,0.55,0.132,-3.6,-3.6,3.1,3.684,-0.3,2.2,-4.2,3.434,-5.0,-6.9,-10.5,3.375,-5.1,-7.0,-10.9,-0.26
2013-11-01,76.19999999999999,10.04,12.1,5.615,-1.6,-0.1,21.0,0.587,0.2,-1.3,-2.2,1.382,1.8,-1.8,-2.5,1.518,-1.6,1.9,0.4,5.04,-2.1,-3.3,-16.9,1.925,0.0,4.7,-1.9,0.517,0.2,-2.3,4.0,3.491,0.8,1.2,-1.3,1.201,-9.6,-12.8,9.0,0.729,-0.7,-1.1,3.6,1.7,0.1,12.7,15.7,0.13,-1.5,-5.1,2.4,3.683,0.0,0.9,-4.3,3.31,-3.6,-9.5,-6.5,3.251,-3.7,-9.7,-6.8,-0.2
2013-12-01,79.65,9.14,11.72,5.544,-1.3,-2.4,19.5,0.592,0.9,-1.5,-2.3,1.385,0.2,-2.4,-3.6,1.52,0.1,-0.5,2.6,4.948,-1.8,-2.8,-16.4,2.026,5.2,6.8,0.9,0.513,-0.8,-1.7,2.6,3.501,0.3,2.1,-2.2,1.129,-6.0,-15.4,9.1,0.735,0.8,-0.8,2.9,1.727,1.6,10.3,8.3,0.131,0.8,-4.4,3.1,3.772,2.4,2.1,-1.9,3.333,0.7,-7.8,-1.6,3.277,0.8,-7.8,-1.6,-0.01
2014-01-01,79.45,9.26,11.65,5.563,0.3,-2.5,17.8,0.595,0.5,1.5,-2.3,1.365,-1.4,0.5,-4.0,1.529,0.6,-0.9,2.1,5.025,1.6,-2.4,-14.9,2.008,-0.9,4.3,3.9,0.543,5.8,5.2,3.6,3.552,1.5,2.6,0.7,1.118,-1.0,-15.8,12.8,0.731,-0.5,-0.4,2.2,1.702,-1.4,-0.6,10.2,0.134,2.3,1.5,3.9,3.904,3.5,6.0,1.6,3.378,1.4,-1.6,-0.9,3.32,1.3,-1.6,-0.9,0.37
2014-02-01,79.55,9.77,11.94,5.461,-1.8,-2.7,13.0,0.599,0.7,2.0,-2.0,1.388,1.7,0.4,-1.6,1.504,-1.6,-0.9,3.3,5.002,-0.5,-0.8,-12.9,1.998,-0.5,3.8,1.7,0.555,2.2,7.4,5.9,3.561,0.3,2.0,2.3,1.146,2.5,-4.6,14.8,0.732,0.1,0.4,3.4,1.672,-1.8,-1.6,11.7,0.134,0.0,3.1,3.9,4.072,4.3,10.6,2.7,3.422,1.3,3.4,-8.7,3.364,1.3,3.5,-8.9,0.37
2014-03-01,80.0,10.7,12.25,5.552,1.7,0.1,13.1,0.597,-0.3,0.8,-2.0,1.359,-2.1,-1.9,-3.8,1.544,2.7,1.6,5.0,5.005,0.1,1.2,-16.8,2.061,3.2,1.7,7.1,0.551,-0.7,7.4,10.4,3.669,3.0,4.8,6.9,1.212,5.8,7.4,22.7,0.733,0.1,-0.3,2.7,1.632,-2.4,-5.5,9.3,0.135,0.7,3.1,5.5,3.952,-2.9,4.8,1.9,3.59,4.9,7.7,-5.3,3.532,5.0,7.8,-5.4,0.64
2014-04-01,81.85,11.76,12.31,5.69,2.5,2.3,16.4,0.597,0.0,0.3,0.0,1.388,2.1,1.7,-1.5,1.53,-0.9,0.1,3.9,5.204,4.0,3.6,-8.3,2.119,2.8,5.5,10.5,0.547,-0.7,0.7,4.8,3.687,0.5,3.8,7.6,1.261,4.0,12.8,28.5,0.75,2.3,2.6,3.6,1.622,-0.6,-4.7,11.1,0.131,-3.0,-2.2,2.3,3.83,-3.1,-1.9,3.5,3.717,3.5,10.0,1.9,3.659,3.6,10.2,1.9,0.33
2014-05-01,79.7,13.6,12.85,6.048,6.3,10.7,18.8,0.603,1.0,0.7,0.0,1.401,0.9,0.9,0.0,1.556,1.7,3.5,6.1,5.153,-1.0,3.0,-9.2,1.996,-5.8,-0.1,6.7,0.532,-2.7,-4.1,0.4,3.735,1.3,4.9,8.5,1.342,6.4,17.1,28.1,0.739,-1.5,1.0,5.3,1.629,0.4,-2.6,12.0,0.136,3.8,1.5,3.8,3.815,-0.4,-6.3,6.0,3.745,0.8,9.4,1.7,3.691,0.9,9.7,1.9,0.35
2014-06-01,82.35,16.13,12.99,6.106,1.0,10.0,14.5,0.607,0.7,1.7,0.7,1.4,-0.1,3.0,-2.7,1.503,-3.4,-2.7,-0.4,4.67,-9.4,-6.7,-16.4,1.948,-2.4,-5.5,4.8,0.532,0.0,-3.4,-0.2,3.626,-2.9,-1.2,4.9,1.299,-3.2,7.2,13.3,0.742,0.4,1.2,2.6,1.675,2.8,2.6,13.9,0.143,5.1,5.9,4.4,3.779,-0.9,-4.4,5.9,3.75,0.1,4.5,1.5,3.695,0.1,4.6,1.7,0.19
2014-07-01,81.65,17.23,13.09,6.009,-1.6,5.6,9.4,0.606,-0.2,1.5,0.7,1.413,0.9,1.8,-1.5,1.495,-0.5,-2.3,0.7,5.099,9.2,-2.0,-5.5,1.95,0.1,-8.0,6.4,0.527,-0.9,-3.7,-0.6,3.645,0.5,-1.1,5.7,1.39,7.0,10.2,8.0,0.758,2.2,1.1,5.1,1.633,-2.5,0.7,14.2,0.143,0.0,9.2,4.4,3.753,-0.7,-2.0,4.1,3.69,-1.6,-0.7,0.1,3.633,-1.7,-0.7,0.1,-0.04
2014-08-01,82.45,17.41,13.04,6.068,1.0,0.3,8.0,0.608,0.3,0.8,2.2,1.396,-1.2,-0.4,-0.9,1.572,5.2,1.0,5.6,5.167,1.3,0.3,-0.9,1.979,1.5,-0.9,7.7,0.531,0.8,-0.2,0.4,3.673,0.8,-1.7,6.5,1.467,5.5,9.3,6.5,0.737,-2.8,-0.3,0.0,1.544,-5.5,-5.2,2.3,0.143,0.0,5.1,4.4,3.705,-1.3,-2.9,1.5,3.54,-4.1,-5.5,-3.2,3.481,-4.2,-5.7,-3.3,-0.17
2014-09-01,83.69999999999999,16.27,12.95,5.953,-1.9,-2.5,4.8,0.606,-0.3,-0.2,0.8,1.405,0.6,0.4,-1.0,1.543,-1.8,2.7,1.0,5.215,0.9,11.7,2.4,1.97,-0.5,1.1,3.8,0.513,-3.4,-3.6,-1.7,3.732,1.6,2.9,8.9,1.486,1.3,14.4,11.4,0.746,1.2,0.5,0.7,1.546,0.1,-7.7,-1.3,0.141,-1.4,-1.4,2.9,3.642,-1.7,-3.6,-1.4,3.463,-2.2,-7.7,-4.2,3.403,-2.2,-7.9,-4.3,0.08
2014-10-01,85.6,13.11,12.6,5.759,-3.3,-4.2,0.9,0.582,-4.0,-4.0,-0.7,1.414,0.6,0.1,4.1,1.549,0.4,3.6,0.4,5.032,-3.5,-1.3,-2.3,1.951,-1.0,0.1,1.4,0.501,-2.3,-4.9,-2.9,3.766,0.9,3.3,8.8,1.508,1.5,8.5,13.6,0.723,-3.1,-4.6,-1.5,1.695,9.6,3.8,0.55,0.136,-3.5,-4.9,3.0,3.515,-3.5,-6.3,-4.6,3.241,-6.4,-12.2,-5.6,3.182,-6.5,-12.4,-5.7,-0.25
2014-11-01,87.35,10.19,12.48,5.574,-3.2,-8.1,-0.7,0.592,1.7,-2.6,0.9,1.42,0.4,1.7,2.7,1.533,-1.0,-2.5,1.0,4.713,-6.3,-8.8,-6.5,2.032,4.2,2.7,5.6,0.515,2.8,-3.0,-0.4,3.858,2.4,5.0,10.5,1.352,-10.3,-7.8,12.6,0.717,-0.8,-2.7,-1.6,1.948,14.9,26.2,14.6,0.134,-1.5,-6.3,3.1,3.384,-3.7,-8.7,-8.1,2.945,-9.1,-16.8,-11.0,2.887,-9.3,-17.1,-11.2,-0.54
2014-12-01,90.6,10.01,12.17,5.531,-0.8,-7.1,-0.2,0.585,-1.2,-3.5,-1.2,1.466,3.2,4.3,5.8,1.541,0.5,-0.1,1.4,4.59,-2.6,-12.0,-7.2,2.21,8.8,12.2,9.1,0.511,-0.8,-0.4,-0.4,3.82,-1.0,2.4,9.1,1.246,-7.8,-16.2,10.4,0.7,-2.4,-6.2,-4.8,2.189,12.4,41.6,26.8,0.135,0.7,-4.3,3.1,3.138,-7.3,-13.8,-16.8,2.618,-11.1,-24.4,-21.5,2.56,-11.3,-24.8,-21.9,-0.57
2015-01-01,95.6,9.5,12.1,5.589,1.0,-3.0,0.5,0.583,-0.3,0.2,-2.0,1.479,0.9,4.6,8.4,1.546,0.3,-0.2,1.1,4.738,3.2,-5.8,-5.7,2.113,-4.4,8.3,5.2,0.545,6.7,8.8,0.4,3.758,-1.6,-0.2,5.8,1.195,-4.1,-20.8,6.9,0.692,-1.1,-4.3,-5.3,2.089,-4.6,23.2,22.7,0.138,2.2,1.5,3.0,2.811,-10.4,-20.0,-28.0,2.17,-17.1,-33.0,-35.8,2.11,-17.6,-33.7,-36.4,-0.47
2015-02-01,94.55000000000001,9.08,12.29,5.472,-2.1,-1.8,0.2,0.591,1.4,-0.2,-1.3,1.435,-3.0,1.1,3.4,1.55,0.3,1.1,3.1,4.91,3.6,4.2,-1.8,2.088,-1.2,2.8,4.5,0.525,-3.7,1.9,-5.4,3.496,-7.0,-9.4,-1.8,1.185,-0.8,-12.4,3.4,0.689,-0.4,-3.9,-5.9,1.849,-11.5,-5.1,10.6,0.138,0.0,3.0,3.0,2.864,1.9,-15.4,-29.7,2.308,6.4,-21.6,-32.6,2.249,6.6,-22.1,-33.1,0.43
2015-03-01,95.15,9.28,12.33,5.367,-1.9,-3.0,-3.3,0.593,0.3,1.4,-0.7,1.44,0.3,-1.8,6.0,1.545,-0.3,0.3,0.1,4.827,-1.7,5.2,-3.6,2.133,2.2,-3.5,3.5,0.518,-1.3,1.4,-6.0,3.463,-0.9,-9.3,-5.6,1.201,1.4,-3.6,-0.9,0.67,-2.8,-4.3,-8.6,1.819,-1.6,-16.9,11.5,0.136,-1.4,0.7,0.7,3.019,5.4,-3.8,-23.6,2.544,10.2,-2.8,-29.1,2.483,10.4,-3.0,-29.7,0.6
2015-04-01,95.30000000000001,10.43,12.62,5.211,-2.9,-6.8,-8.4,0.597,0.7,2.4,0.0,1.454,1.0,-1.7,4.8,1.539,-0.4,-0.5,0.6,4.99,3.4,5.3,-4.1,2.065,-3.2,-2.3,-2.5,0.509,-1.7,-6.6,-6.9,3.397,-1.9,-9.6,-7.9,1.165,-3.0,-2.5,-7.6,0.67,0.0,-3.2,-10.7,1.847,1.5,-11.6,13.9,0.137,0.7,-0.7,4.6,2.755,-8.7,-2.0,-28.1,2.545,0.0,17.3,-31.5,2.485,0.1,17.8,-32.1,0.2
2015-05-01,89.30000000000001,12.73,12.93,4.94,-5.2,-9.7,-18.3,0.582,-2.5,-1.5,-3.5,1.463,0.6,2.0,4.4,1.483,-3.6,-4.3,-4.7,4.715,-5.5,-4.0,-8.5,1.962,-5.0,-6.0,-1.7,0.52,2.2,-1.0,-2.3,3.387,-0.3,-3.1,-9.3,1.208,3.7,1.9,-10.0,0.676,0.9,-1.9,-8.5,1.74,-5.8,-5.9,6.8,0.137,0.0,-0.7,0.7,2.788,1.2,-2.7,-26.9,2.832,11.3,22.7,-24.4,2.775,11.7,23.4,-24.8,0.51
2015-06-01,92.94999999999999,15.07,12.92,5.059,2.4,-5.7,-17.1,0.574,-1.4,-3.2,-5.4,1.467,0.3,1.9,4.8,1.515,2.2,-1.9,0.8,4.686,-0.6,-2.9,0.3,2.57,31.0,20.5,31.9,0.519,-0.2,0.2,-2.4,3.366,-0.6,-2.8,-7.2,1.274,5.5,6.1,-1.9,0.691,2.2,3.1,-6.9,1.708,-1.8,-6.1,2.0,0.143,4.4,5.1,0.0,2.743,-1.6,-9.1,-27.4,2.889,2.0,13.6,-23.0,2.832,2.1,14.1,-23.4,0.35
2015-07-01,91.8,16.28,12.94,5.184,2.5,-0.5,-13.7,0.581,1.2,-2.7,-4.1,1.447,-1.4,-0.5,2.4,1.487,-1.8,-3.4,-0.5,4.79,2.2,-4.0,-6.1,2.57,0.0,24.5,31.8,0.515,-0.8,1.2,-2.3,3.43,1.9,1.0,-5.9,1.38,8.3,18.5,-0.7,0.673,-2.6,0.4,-11.2,1.777,4.0,-3.8,8.8,0.142,-0.7,3.6,-0.7,2.651,-3.4,-3.8,-29.4,2.893,0.1,13.7,-21.6,2.832,0.0,14.0,-22.0,0.01
2015-08-01,91.30000000000001,16.88,12.91,5.41,4.4,9.5,-10.8,0.58,-0.2,-0.3,-4.6,1.42,-1.9,-2.9,1.7,1.428,-4.0,-3.7,-9.2,4.808,0.4,2.0,-6.9,2.943,14.5,50.0,48.7,0.524,1.7,0.8,-1.3,3.389,-1.2,0.1,-7.7,1.493,8.2,23.6,1.8,0.669,-0.6,-1.0,-9.2,1.737,-2.3,-0.2,12.5,0.142,0.0,3.6,-0.7,2.437,-8.1,-12.6,-34.2,2.745,-5.1,-3.1,-22.5,2.679,-5.4,-3.5,-23.0,-0.14
2015-09-01,88.1,16.4,13.03,5.734,6.0,13.3,-3.7,0.58,0.0,1.0,-4.3,1.432,0.8,-2.4,1.9,1.415,-0.9,-6.6,-8.3,4.669,-2.9,-0.4,-10.5,2.966,0.8,15.4,50.6,0.517,-1.3,-0.4,0.8,3.392,0.1,0.8,-9.1,1.48,-0.9,16.2,-0.4,0.662,-1.0,-4.2,-11.3,1.775,2.2,3.9,14.8,0.141,-0.7,-1.4,0.0,2.376,-2.5,-13.4,-34.8,2.463,-10.3,-14.7,-28.9,2.394,-10.6,-15.5,-29.7,-0.16
2015-10-01,89.6,12.6,12.72,5.899,2.9,13.8,2.4,0.577,-0.5,-0.7,-0.9,1.418,-1.0,-2.0,0.3,1.43,1.1,-3.8,-7.7,4.609,-1.3,-3.8,-8.4,2.808,-5.3,9.3,43.9,0.511,-1.2,-0.8,2.0,3.338,-1.6,-2.7,-11.4,1.514,2.3,9.7,0.4,0.69,4.2,2.5,-4.6,1.844,3.9,3.8,8.8,0.136,-3.5,-4.2,0.0,2.35,-1.1,-11.4,-33.1,2.357,-4.3,-18.5,-27.3,2.289,-4.4,-19.2,-28.1,-0.04
2015-11-01,91.19999999999999,10.02,12.71,5.847,-0.9,8.1,4.9,0.575,-0.3,-0.9,-2.9,1.409,-0.6,-0.8,-0.8,1.484,3.8,3.9,-3.2,4.412,-4.3,-8.2,-6.4,2.664,-5.1,-9.5,31.1,0.496,-2.9,-5.3,-3.7,3.299,-1.2,-2.7,-14.5,1.329,-12.2,-11.0,-1.7,0.732,6.1,9.4,2.1,1.977,7.2,13.8,1.5,0.134,-1.5,-5.6,0.0,2.302,-2.0,-5.5,-32.0,2.249,-4.6,-18.1,-23.6,2.185,-4.5,-18.4,-24.3,-0.21
2015-12-01,92.1,9.27,12.32,5.734,-1.9,0.0,3.7,0.58,0.9,0.0,-0.9,1.428,1.3,-0.3,-2.6,1.437,-3.2,1.6,-6.7,4.486,1.7,-3.9,-2.3,2.751,3.3,-7.2,24.5,0.501,1.0,-3.1,-2.0,3.31,0.3,-2.4,-13.4,1.229,-7.5,-17.0,-1.4,0.711,-2.9,7.4,1.6,1.932,-2.3,8.8,-11.7,0.133,-0.7,-5.7,-1.5,2.114,-8.2,-11.0,-32.6,2.125,-5.5,-13.7,-18.8,2.06,-5.7,-14.0,-19.5,-0.34
2016-01-01,92.2,8.28,11.99,5.656,-1.4,-4.1,1.2,0.581,0.2,0.7,-0.3,1.425,-0.2,0.5,-3.7,1.429,-0.6,-0.1,-7.6,4.498,0.3,-2.4,-5.1,2.328,-15.4,-17.1,10.2,0.522,4.2,2.2,-4.2,3.313,0.1,-0.7,-11.8,1.196,-2.7,-21.0,0.1,0.709,-0.3,2.8,2.5,2.528,30.8,37.1,21.0,0.134,0.8,-1.5,-2.9,1.97,-6.8,-16.2,-29.9,2.034,-4.3,-13.7,-6.3,1.967,-4.5,-14.1,-6.8,0.17
2016-02-01,91.75,8.36,12.14,5.394,-4.6,-7.7,-1.4,0.573,-1.4,-0.3,-3.0,1.407,-1.3,-0.1,-2.0,1.478,3.4,-0.4,-4.6,4.447,-1.1,0.8,-9.4,2.267,-2.6,-14.9,8.6,0.522,0.0,5.2,-0.6,3.23,-2.5,-2.1,-7.6,1.194,-0.2,-10.2,0.8,0.707,-0.3,-3.4,2.6,2.316,-8.4,17.1,25.3,0.134,0.0,0.0,-2.9,1.923,-2.4,-16.5,-32.9,1.833,-9.9,-18.5,-20.6,1.767,-10.2,-19.1,-21.4,0.08
2016-03-01,92.55,9.19,12.56,5.494,1.9,-4.2,2.4,0.586,2.3,1.0,-1.2,1.416,0.6,-0.8,-1.7,1.463,-1.0,1.8,-5.3,4.405,-0.9,-1.8,-8.7,2.081,-8.2,-24.4,-2.4,0.512,-1.9,2.2,-1.2,3.187,-1.3,-3.7,-8.0,1.188,-0.5,-3.3,-1.1,0.711,0.6,0.0,6.1,1.941,-16.2,0.5,6.7,0.134,0.0,0.8,-1.5,1.947,1.2,-7.9,-35.5,2.021,10.3,-4.9,-20.6,1.958,10.8,-5.0,-21.1,0.43
2016-04-01,90.0,9.65,12.43,5.613,2.2,-0.8,7.7,0.574,-2.0,-1.2,-3.9,1.406,-0.7,-1.3,-3.3,1.496,2.3,4.7,-2.8,4.428,0.5,-1.6,-11.3,1.793,-13.8,-23.0,-13.2,0.521,1.8,-0.2,2.4,3.155,-1.0,-4.8,-7.1,1.176,-1.0,-1.7,0.9,0.703,-1.1,-0.8,4.9,1.862,-4.1,-26.3,0.8,0.134,0.0,0.0,-2.2,1.989,2.2,1.0,-27.8,2.196,8.7,8.0,-13.7,2.134,9.0,8.5,-14.1,0.47
2016-05-01,92.35,11.62,12.79,5.552,-1.1,2.9,12.4,0.57,-0.7,-0.5,-2.1,1.382,-1.7,-1.8,-5.5,1.489,-0.5,0.7,0.4,4.443,0.3,-0.1,-5.8,1.684,-6.1,-25.7,-14.2,0.525,0.8,0.6,1.0,3.157,0.1,-2.3,-6.8,1.148,-2.4,-3.9,-5.0,0.747,6.3,5.7,10.5,1.695,-9.0,-26.8,-2.6,0.133,-0.7,-0.7,-2.9,2.097,5.4,9.0,-24.8,2.324,5.8,26.8,-17.9,2.264,6.1,28.1,-18.4,0.41
2016-06-01,91.6,14.43,12.73,5.374,-3.2,-2.2,6.2,0.569,-0.2,-2.9,-0.9,1.333,-3.5,-5.9,-9.1,1.408,-5.4,-3.8,-7.1,4.481,0.9,1.7,-4.4,1.491,-11.5,-28.4,-42.0,0.529,0.8,3.3,1.9,3.115,-1.3,-2.3,-7.5,1.186,3.3,-0.2,-6.9,0.734,-1.7,3.2,6.2,1.709,0.8,-12.0,0.1,0.138,3.8,3.0,-3.5,2.155,2.8,10.7,-21.4,2.422,4.2,19.8,-16.2,2.363,4.4,20.7,-16.6,0.33
2016-07-01,91.5,16.56,12.68,5.454,1.5,-2.8,5.2,0.567,-0.4,-1.2,-2.4,1.349,1.2,-4.1,-6.8,1.445,2.6,-3.4,-2.8,4.428,-1.2,0.0,-7.6,1.546,3.7,-13.8,-39.8,0.543,2.6,4.2,5.4,3.062,-1.7,-2.9,-10.7,1.268,6.9,7.8,-8.1,0.74,0.8,5.3,10.0,1.635,-4.3,-12.2,-8.0,0.139,0.7,3.7,-2.1,2.13,-1.2,7.1,-19.7,2.287,-5.6,4.1,-20.9,2.225,-5.8,4.3,-21.4,-0.16
2016-08-01,88.94999999999999,17.6,12.88,5.448,-0.1,-1.9,0.7,0.562,-0.9,-1.4,-3.1,1.341,-0.6,-3.0,-5.6,1.426,-1.3,-4.2,-0.1,4.316,-2.5,-2.9,-10.2,1.455,-5.9,-13.6,-50.6,0.546,0.6,4.0,4.2,3.141,2.6,-0.5,-7.3,1.365,7.6,18.9,-8.6,0.729,-1.5,-2.4,9.0,1.685,3.1,-0.6,-3.0,0.139,0.0,4.5,-2.1,2.073,-2.7,-1.1,-14.9,2.218,-3.0,-4.6,-19.2,2.155,-3.1,-4.8,-19.6,0.09
2016-09-01,91.35,16.78,12.87,5.481,0.6,2.0,-4.4,0.575,2.3,1.1,-0.9,1.329,-0.9,-0.3,-7.2,1.487,4.3,5.6,5.1,4.372,1.3,-2.4,-6.4,1.471,1.1,-1.3,-50.4,0.547,0.2,3.4,5.8,3.229,2.8,3.7,-4.8,1.41,3.3,18.9,-4.7,0.721,-1.1,-1.8,8.9,1.786,6.0,4.5,0.6,0.139,0.0,0.7,-1.4,2.122,2.4,-1.5,-10.7,2.269,2.3,-6.3,-7.9,2.208,2.5,-6.6,-7.8,0.24
2016-10-01,88.5,13.74,12.46,5.375,-1.9,-1.4,-8.9,0.57,-0.9,0.5,-1.2,1.343,1.1,-0.4,-5.3,1.502,1.0,3.9,5.0,4.309,-1.4,-2.7,-6.5,1.39,-5.5,-10.1,-50.5,0.523,-4.4,-3.7,2.3,3.292,2.0,7.5,-1.4,1.412,0.1,11.4,-6.7,0.697,-3.3,-5.8,1.0,1.994,11.6,22.0,8.1,0.134,-3.6,-3.6,-1.5,2.288,7.8,7.4,-2.6,2.304,1.5,0.7,-2.2,2.243,1.6,0.8,-2.0,0.12
2016-11-01,92.05,10.77,12.75,5.106,-5.0,-6.3,-12.7,0.573,0.5,2.0,-0.3,1.362,1.4,1.6,-3.3,1.478,-1.6,3.6,-0.4,4.306,-0.1,-0.2,-2.4,1.321,-5.0,-9.2,-50.4,0.507,-3.1,-7.1,2.2,3.28,-0.4,4.4,-0.6,1.239,-12.3,-9.2,-6.8,0.703,0.9,-3.6,-4.0,1.984,-0.5,17.7,0.4,0.131,-2.2,-5.8,-2.2,2.256,-1.4,8.8,-2.0,2.246,-2.5,1.3,-0.1,2.187,-2.5,1.5,0.1,-0.16
2016-12-01,97.75,9.06,12.23,5.102,-0.1,-6.9,-11.0,0.576,0.5,0.2,-0.7,1.362,0.0,2.5,-4.6,1.463,-1.0,-1.6,1.8,4.281,-0.6,-2.1,-4.6,1.383,4.7,-6.0,-49.7,0.503,-0.8,-8.0,0.4,3.29,0.3,1.9,-0.6,1.169,-5.6,-17.1,-4.9,0.693,-1.4,-3.9,-2.5,1.972,-0.6,10.4,2.1,0.133,1.5,-4.3,0.0,2.394,6.1,12.8,13.2,2.289,1.9,0.9,7.7,2.23,2.0,1.0,8.3,0.03
2017-01-01,97.9,9.32,12.21,5.18,1.5,-3.6,-8.4,0.573,-0.5,0.5,-1.4,1.351,-0.8,0.6,-5.2,1.418,-3.1,-5.6,-0.8,4.468,4.4,3.7,-0.7,1.599,15.6,15.0,-31.3,0.53,5.4,1.3,1.5,3.318,0.9,0.8,0.2,1.186,1.5,-16.0,-0.8,0.7,1.0,0.4,-1.3,2.048,3.9,2.7,-19.0,0.134,0.8,0.0,0.0,2.482,3.7,8.5,26.0,2.409,5.2,4.6,18.4,2.351,5.4,4.8,19.5,0.58
2017-02-01,95.05,10.01,12.79,5.334,3.0,4.5,-1.1,0.573,0.0,0.0,0.0,1.358,0.5,-0.3,-3.5,1.473,3.9,-0.3,-0.3,4.583,2.6,6.4,3.1,1.464,-8.4,10.8,-35.4,0.526,-0.8,3.7,0.8,3.3,-0.5,0.6,2.2,1.191,0.4,-3.9,-0.3,0.695,-0.7,-1.1,-1.7,1.93,-5.8,-2.7,-16.7,0.135,0.7,3.1,0.7,2.474,-0.3,9.7,28.7,2.36,-2.0,5.1,28.8,2.299,-2.2,5.1,30.1,0.31
2017-03-01,98.05000000000001,9.86,12.89,5.745,7.7,12.6,4.6,0.571,-0.3,-0.9,-2.6,1.329,-2.1,-2.4,-6.1,1.462,-0.7,-0.1,-0.1,4.65,1.5,8.6,5.6,1.404,-4.1,1.5,-32.5,0.531,1.0,5.6,3.7,3.315,0.5,0.8,4.0,1.18,-0.9,0.9,-0.7,0.692,-0.4,-0.1,-2.7,1.943,0.7,-1.5,0.1,0.134,-0.7,0.8,0.0,2.449,-1.0,2.3,25.8,2.386,1.1,4.2,18.1,2.323,1.0,4.2,18.6,0.08
2017-04-01,96.35,11.34,12.72,5.775,0.5,11.5,2.9,0.571,0.0,-0.3,-0.5,1.328,-0.1,-1.7,-5.5,1.444,-1.2,1.8,-3.5,4.622,-0.6,3.4,4.4,1.409,0.4,-11.9,-21.4,0.516,-2.8,-2.6,-1.0,3.259,-1.7,-1.8,3.3,1.174,-0.5,-1.0,-0.2,0.686,-0.9,-2.0,-2.4,1.902,-2.1,-7.1,2.1,0.135,0.7,0.7,0.7,2.438,-0.4,-1.8,22.6,2.479,3.9,2.9,12.9,2.418,4.1,2.8,13.3,0.3
2017-05-01,95.69999999999999,13.25,13.07,5.699,-1.3,6.8,2.6,0.564,-1.2,-1.6,-1.1,1.327,-0.1,-2.3,-4.0,1.499,3.8,1.8,0.7,4.597,-0.5,0.3,3.5,1.414,0.4,-3.4,-16.0,0.517,0.2,-1.7,-1.5,3.242,-0.5,-1.8,2.7,1.226,4.4,2.9,6.8,0.726,5.8,4.5,-2.8,1.867,-1.8,-3.3,10.1,0.137,1.5,1.5,3.0,2.378,-2.5,-3.9,13.4,2.448,-1.3,3.7,5.3,2.386,-1.3,3.8,5.4,0.09
2017-06-01,95.6,16.06,13.2,5.665,-0.6,-1.4,5.4,0.572,1.4,0.2,0.5,1.335,0.6,0.5,0.2,1.497,-0.1,2.4,6.3,4.545,-1.1,-2.3,1.4,1.332,-5.8,-5.1,-10.7,0.507,-1.9,-4.5,-4.2,3.213,-0.9,-3.1,3.1,1.346,9.8,14.1,13.5,0.752,3.6,8.7,2.5,1.873,0.3,-3.6,9.6,0.142,3.6,6.0,2.9,2.284,-4.0,-6.7,6.0,2.4,-2.0,0.6,-0.9,2.337,-2.1,0.6,-1.1,0.09
2017-07-01,95.55000000000001,17.86,13.08,5.819,2.7,0.8,6.7,0.565,-1.2,-1.1,-0.4,1.327,-0.6,-0.1,-1.6,1.496,-0.1,3.6,3.5,4.335,-4.6,-6.2,-2.1,1.333,0.1,-5.4,-13.8,0.512,1.0,-0.8,-5.7,3.219,0.2,-1.2,5.1,1.462,8.6,24.5,15.3,0.764,1.6,11.4,3.2,1.952,4.2,2.6,19.4,0.143,0.7,5.9,2.9,2.215,-3.0,-9.1,4.0,2.344,-2.3,-5.4,2.5,2.281,-2.4,-5.7,2.5,-0.07
2017-08-01,96.44999999999999,18.22,13.15,6.241,7.3,9.5,14.6,0.561,-0.7,-0.5,-0.2,1.348,1.6,1.6,0.5,1.489,-0.5,-0.7,4.4,4.373,0.9,-4.9,1.3,1.367,2.6,-3.3,-6.0,0.512,0.0,-1.0,-6.2,3.168,-1.6,-2.3,0.9,1.453,-0.6,18.5,6.4,0.753,-1.4,3.7,3.3,1.846,-5.4,-1.1,9.6,0.142,-0.7,3.6,2.2,2.292,3.5,-3.6,10.6,2.436,3.9,-0.5,9.8,2.374,4.1,-0.5,10.2,0.3
2017-09-01,95.44999999999999,16.92,13.28,6.366,2.0,12.4,16.1,0.544,-3.0,-4.9,-5.4,1.349,0.1,1.0,1.5,1.48,-0.6,-1.1,-0.5,4.323,-1.1,-4.9,-1.1,1.422,4.0,6.8,-3.3,0.505,-1.4,-0.4,-7.7,3.209,1.3,-0.1,-0.6,1.48,1.9,10.0,5.0,0.741,-1.6,-1.5,2.8,1.828,-1.0,-2.4,2.4,0.142,0.0,0.0,2.2,2.481,8.2,8.6,16.9,2.688,10.3,12.0,18.5,2.63,10.8,12.5,19.1,0.53
2017-10-01,97.75,13.39,12.8,6.066,-4.7,4.2,12.9,0.548,0.7,-3.0,-3.9,1.328,-1.6,0.1,-1.1,1.484,0.3,-0.8,-1.2,4.327,0.1,-0.2,0.4,1.54,8.3,15.5,10.8,0.5,-1.0,-2.3,-4.4,3.158,-1.6,-1.9,-4.1,1.59,7.4,8.8,12.6,0.723,-2.4,-5.4,3.7,1.813,-0.8,-7.1,-9.1,0.137,-3.5,-4.2,2.2,2.52,1.6,13.8,10.1,2.545,-5.3,8.6,10.5,2.484,-5.6,8.9,10.7,-0.06
2017-11-01,97.9,10.14,12.94,5.708,-5.9,-8.5,11.8,0.551,0.5,-1.8,-3.8,1.295,-2.5,-3.9,-4.9,1.451,-2.2,-2.6,-1.8,4.324,-0.1,-1.1,0.4,1.506,-2.2,10.2,14.0,0.469,-6.2,-8.4,-7.5,3.15,-0.3,-0.6,-4.0,1.486,-6.5,2.3,19.9,0.712,-1.5,-5.4,1.3,1.933,6.6,4.7,-2.6,0.136,-0.7,-4.2,3.8,2.633,4.5,14.9,16.7,2.608,2.5,7.1,16.1,2.548,2.6,7.3,16.5,0.0
2017-12-01,96.7,9.29,12.45,5.629,-1.4,-11.6,10.3,0.558,1.3,2.6,-3.1,1.316,1.6,-2.4,-3.4,1.47,1.3,-0.7,0.5,4.285,-0.9,-0.9,0.1,1.815,20.5,27.6,31.2,0.462,-1.5,-8.5,-8.2,3.155,0.2,-1.7,-4.1,1.315,-11.5,-11.1,12.5,0.711,-0.1,-4.0,2.6,2.237,15.7,22.4,13.4,0.136,0.0,-4.2,2.3,2.703,2.7,8.9,12.9,2.521,-3.3,-6.2,10.1,2.459,-3.5,-6.5,10.3,-0.06
2018-01-01,98.5,8.9,12.22,5.654,0.4,-6.8,9.2,0.568,1.8,3.6,-0.9,1.281,-2.7,-3.5,-5.2,1.509,2.7,1.7,6.4,4.291,0.1,-0.8,-4.0,1.769,-2.5,14.9,10.6,0.471,1.9,-5.8,-11.1,2.961,-6.1,-6.2,-10.8,1.326,0.8,-16.6,11.8,0.682,-4.1,-5.7,-2.6,2.336,4.4,28.8,14.1,0.135,-0.7,-1.5,0.7,2.902,7.4,15.2,16.9,2.596,3.0,2.0,7.8,2.539,3.3,2.2,8.0,0.54
2018-02-01,99.0,9.63,12.63,5.533,-2.1,-3.1,3.7,0.574,1.1,4.2,0.2,1.265,-1.2,-2.3,-6.8,1.478,-2.1,1.9,0.3,4.267,-0.6,-1.3,-6.9,1.755,-0.8,16.5,19.9,0.47,-0.2,0.2,-10.6,2.923,-1.3,-7.2,-11.4,1.339,1.0,-9.9,12.4,0.691,1.3,-2.9,-0.6,2.026,-13.3,4.8,5.0,0.135,0.0,-0.7,0.0,2.856,-1.6,8.5,15.4,2.632,1.4,0.9,11.5,2.575,1.4,1.1,12.0,0.45
2018-03-01,99.45,9.76,12.97,5.527,-0.1,-1.8,-3.8,0.582,1.4,4.3,1.9,1.309,3.5,-0.5,-1.5,1.502,1.6,2.2,2.7,4.343,1.8,1.4,-6.6,1.831,4.3,0.9,30.4,0.468,-0.4,1.3,-11.9,2.903,-0.7,-8.0,-12.4,1.305,-2.5,-0.8,10.6,0.682,-1.3,-4.1,-1.4,1.868,-7.8,-16.5,-3.9,0.135,0.0,-0.7,0.7,2.827,-1.0,4.6,15.4,2.631,0.0,4.4,10.3,2.572,-0.1,4.6,10.7,0.23
2018-04-01,98.4,10.05,12.88,5.421,-1.9,-4.1,-6.1,0.578,-0.7,1.8,1.2,1.281,-2.1,0.0,-3.5,1.511,0.6,0.1,4.6,4.313,-0.7,0.5,-6.7,2.081,13.7,17.6,47.7,0.472,0.9,0.2,-8.5,2.924,0.7,-1.2,-10.3,1.291,-1.1,-2.6,10.0,0.685,0.4,0.4,-0.1,1.802,-3.5,-22.9,-5.3,0.134,-0.7,-0.7,-0.7,2.875,1.7,-0.9,17.9,2.795,6.2,7.7,12.7,2.737,6.4,7.8,13.2,0.4
2018-05-01,99.1,13.52,13.12,5.452,0.6,-1.5,-4.3,0.575,-0.5,0.2,2.0,1.293,0.9,2.2,-2.6,1.523,0.8,3.0,1.6,4.294,-0.4,0.6,-6.6,1.987,-4.5,13.2,40.5,0.469,-0.6,-0.2,-9.3,2.919,-0.2,-0.1,-10.0,1.348,4.4,0.7,10.0,0.698,1.9,1.0,-3.9,1.675,-7.0,-17.3,-10.3,0.136,1.5,0.7,-0.7,3.132,8.9,9.7,31.7,2.963,6.0,12.6,21.0,2.907,6.2,12.9,21.8,0.42
2018-06-01,97.95,16.47,13.03,5.247,-3.8,-5.1,-7.4,0.575,0.0,-1.2,0.5,1.279,-1.1,-2.3,-4.2,1.514,-0.6,0.8,1.1,4.2925,-0.1,-0.25,-1.0,1.628,-18.1,-11.1,22.2,0.469,0.0,0.2,-7.5,2.877,-1.4,-0.9,-10.5,1.409,4.5,8.0,4.7,0.689,-1.3,1.0,-8.4,1.706,1.9,-8.7,-8.9,0.139,2.2,3.0,-2.1,3.132,0.0,10.8,37.1,2.97,0.2,12.9,23.8,2.914,0.2,13.3,24.7,0.16
2018-07-01,99.25,17.85,13.13,5.418,3.3,-0.1,-6.9,0.575,0.0,-0.5,1.8,1.293,1.1,0.9,-2.6,1.519,0.3,0.5,1.5,4.2925,-0.1,-0.25,-1.0,1.725,6.0,-17.1,29.4,0.468,-0.2,-0.8,-8.6,2.839,-1.3,-2.9,-11.8,1.538,9.2,19.1,5.2,0.69,0.1,0.7,-9.7,1.887,10.6,4.7,-3.3,0.139,0.0,3.7,-2.8,3.22,2.8,12.0,45.4,2.93,-1.3,4.8,25.0,2.873,-1.4,5.0,26.0,0.01
2018-08-01,97.4,18.56,13.26,5.577,2.9,2.3,-10.6,0.569,-1.0,-1.0,1.4,1.302,0.7,0.7,-3.4,1.511,-0.5,-0.8,1.5,4.2925,-0.1,-0.25,-1.0,1.622,-6.0,-18.4,18.7,0.464,-0.9,-1.1,-9.4,2.871,1.1,-1.6,-9.4,1.559,1.4,15.7,7.3,0.705,2.2,1.0,-6.4,1.737,-7.9,3.7,-5.9,0.139,0.0,2.2,-2.1,3.229,0.3,3.1,40.9,2.919,-0.4,-1.5,19.8,2.862,-0.4,-1.5,20.6,0.06
2018-09-01,99.1,17.23,13.01,5.501,-1.4,4.8,-13.6,0.573,0.7,-0.3,5.3,1.288,-1.1,0.7,-4.5,1.487,-1.6,-1.8,0.5,4.306,-0.1,-0.25,-0.4,1.651,1.8,1.4,16.1,0.467,0.6,-0.4,-7.5,2.89,0.7,0.5,-9.9,1.511,-3.1,7.2,2.1,0.693,-1.7,0.6,-6.5,1.826,5.1,7.0,-0.1,0.138,-0.7,-0.7,-2.8,3.279,1.5,4.7,32.2,2.93,0.4,-1.3,9.0,2.873,0.4,-1.4,9.2,0.12
2018-10-01,98.19999999999999,12.22,12.85,5.37,-2.4,-0.9,-11.5,0.574,0.2,-0.2,4.7,1.277,-0.9,-1.2,-3.8,1.444,-2.9,-4.9,-2.7,4.2925,-0.1,-0.25,-1.0,1.66,0.5,-3.8,7.8,0.453,-3.0,-3.2,-9.4,2.913,0.8,2.6,-7.8,1.502,-0.6,-2.3,-5.5,0.685,-1.2,-0.7,-5.3,1.901,4.1,0.7,4.9,0.136,-1.4,-2.2,-0.7,3.381,3.1,5.0,34.2,2.945,0.5,0.5,15.7,2.887,0.5,0.5,16.2,0.18
2018-11-01,96.25,9.42,12.9,5.392,0.4,-3.3,-5.5,0.566,-1.4,-0.5,2.7,1.274,-0.2,-2.2,-1.6,1.501,3.9,-0.7,3.4,4.2925,-0.1,-0.25,-1.0,1.596,-3.9,-1.6,6.0,0.433,-4.4,-6.7,-7.7,2.877,-1.2,0.2,-8.7,1.437,-4.3,-7.8,-3.3,0.711,3.8,0.9,-0.1,2.057,8.2,18.4,6.4,0.134,-1.5,-3.6,-1.5,3.286,-2.8,1.8,24.8,2.733,-7.2,-6.4,4.8,2.671,-7.5,-6.7,4.8,-0.33
2018-12-01,98.19999999999999,9.62,12.43,5.502,2.0,0.0,-2.3,0.577,1.9,0.7,3.4,1.29,1.3,0.2,-2.0,1.466,-2.3,-1.4,-0.3,4.2925,-0.1,-0.25,-1.0,1.595,-0.1,-3.4,-12.1,0.437,0.9,-6.4,-5.4,2.853,-0.8,-1.3,-9.6,1.389,-3.3,-8.1,5.6,0.712,0.1,2.7,0.1,2.175,5.7,19.1,-2.8,0.135,0.7,-2.2,-0.7,2.951,-10.2,-10.0,9.2,2.479,-9.3,-15.4,-1.7,2.414,-9.6,-16.0,-1.8,-0.32
2019-01-01,94.65,9.36,12.47,5.518,0.3,2.8,-2.4,0.576,-0.2,0.3,1.4,1.274,-1.2,-0.2,-0.5,1.473,0.5,2.0,-2.4,4.2925,-0.1,-0.25,-1.0,1.554,-2.6,-6.4,-12.2,0.439,0.5,-3.1,-6.8,2.913,2.1,0.0,-1.6,1.344,-3.2,-10.5,1.4,0.73,2.5,6.6,7.0,2.227,2.4,17.1,-4.7,0.135,0.0,-0.7,0.0,2.934,-0.6,-13.2,1.1,2.352,-5.1,-20.1,-9.4,2.289,-5.2,-20.7,-9.8,0.19
2019-02-01,97.19999999999999,9.4,12.72,5.502,-0.3,2.0,-0.6,0.571,-0.9,0.9,-0.5,1.282,0.6,0.6,1.3,1.486,0.9,-1.0,0.5,4.2925,-0.1,-0.25,-1.0,1.557,0.2,-2.4,-11.3,0.443,0.9,2.3,-5.7,2.9,-0.4,0.8,-0.8,1.298,-3.4,-9.7,-3.1,0.762,4.4,7.2,10.3,2.068,-7.1,0.5,2.1,0.136,0.7,1.5,0.7,3.03,3.3,-7.8,6.1,2.412,2.6,-11.7,-8.4,2.353,2.8,-11.9,-8.6,0.42
2019-03-01,99.5,9.42,12.84,5.608,1.9,1.9,1.5,0.581,1.8,0.7,-0.2,1.261,-1.6,-2.2,-3.7,1.468,-1.2,0.1,-2.3,4.2925,-0.1,-0.25,-1.0,1.544,-0.8,-3.2,-15.7,0.445,0.5,1.8,-4.9,2.944,1.5,3.2,1.4,1.346,3.7,-3.1,3.1,0.757,-0.7,6.3,11.0,2.079,0.5,-4.4,11.3,0.135,-0.7,0.0,0.0,3.05,0.7,3.4,7.9,2.62,8.6,5.7,-0.4,2.564,9.0,6.2,-0.3,0.56
2019-04-01,99.45,10.85,13.25,5.552,-1.0,0.6,2.4,0.567,-2.4,-1.6,-1.9,1.285,1.9,0.9,0.3,1.463,-0.3,-0.7,-3.2,4.2925,-0.1,-0.25,-1.0,1.463,-5.2,-5.9,-29.7,0.434,-2.5,-1.1,-8.1,2.98,1.2,2.3,1.9,1.28,-4.9,-4.8,-0.9,0.767,1.3,5.1,12.0,1.947,-6.3,-12.6,8.0,0.135,0.0,0.0,0.7,3.103,1.7,5.8,7.9,2.894,10.5,23.0,3.5,2.835,10.6,23.9,3.6,0.53
2019-05-01,98.0,12.76,13.31,5.812,4.7,5.6,6.6,0.579,2.1,1.4,0.7,1.289,0.3,0.5,-0.3,1.479,1.1,-0.5,-2.9,4.2925,-0.1,-0.25,-1.0,1.362,-6.9,-12.5,-31.5,0.454,4.6,2.5,-3.2,2.963,-0.6,2.2,1.5,1.331,4.0,2.5,-1.3,0.761,-0.8,-0.1,9.0,1.823,-6.4,-11.8,8.8,0.136,0.7,0.0,0.0,3.03,-2.4,0.0,-3.3,2.963,2.4,22.8,0.0,2.901,2.3,23.3,-0.2,0.21
2019-06-01,97.35,15.6,13.32,5.878,1.1,4.8,12.0,0.574,-0.9,-1.2,-0.2,1.28,-0.7,1.5,0.1,1.59,7.5,8.3,5.0,4.2925,-0.1,-0.25,-1.0,1.203,-11.7,-22.1,-26.1,0.448,-1.3,0.7,-4.5,3.054,3.1,3.7,6.2,1.296,-2.6,-3.7,-8.0,0.801,5.3,5.8,16.3,1.812,-0.6,-12.8,6.2,0.139,2.2,3.0,0.0,2.946,-2.8,-3.4,-5.9,2.814,-5.0,7.4,-5.3,2.752,-5.1,7.3,-5.6,0.02
2019-07-01,99.2,17.74,13.26,5.701,-3.0,2.7,5.2,0.569,-0.9,0.4,-1.0,1.281,0.1,-0.3,-0.9,1.562,-1.8,6.8,2.8,4.2925,-0.1,-0.25,-1.0,1.243,3.3,-15.0,-27.9,0.454,1.3,4.6,-3.0,3.031,-0.8,1.7,6.8,1.411,8.9,10.2,-8.3,0.798,-0.4,4.0,15.7,1.799,-0.7,-7.6,-4.7,0.14,0.7,3.7,0.7,2.932,-0.5,-5.5,-8.9,2.836,0.8,-2.0,-3.2,2.776,0.9,-2.1,-3.4,0.17
2019-08-01,91.6,18.37,13.3,5.576,-2.2,-4.1,0.0,0.578,1.6,-0.2,1.6,1.275,-0.5,-1.1,-2.1,1.514,-3.1,2.4,0.2,4.2925,-0.1,-0.25,-1.0,1.219,-1.9,-10.5,-24.8,0.45,-0.9,-0.9,-3.0,3.045,0.5,2.8,6.1,1.442,2.2,8.3,-7.5,0.793,-0.6,4.2,12.5,1.864,3.6,2.2,7.3,0.139,-0.7,2.2,0.0,2.87,-2.1,-5.3,-11.1,2.716,-4.2,-8.3,-7.0,2.655,-4.4,-8.5,-7.2,-0.01
2019-09-01,94.9,17.61,13.16,5.571,-0.1,-5.2,1.3,0.569,-1.6,-0.9,-0.7,1.296,1.6,1.3,0.6,1.487,-1.8,-6.5,0.0,4.2925,-0.1,-0.25,-1.0,1.383,13.5,15.0,-16.2,0.449,-0.2,0.2,-3.9,3.102,1.9,1.6,7.3,1.426,-1.1,10.0,-5.6,0.797,0.5,-0.5,15.0,1.911,2.5,5.5,4.7,0.139,0.0,0.0,0.7,2.894,0.8,-1.8,-11.7,2.694,-0.8,-4.3,-8.1,2.63,-0.9,-4.4,-8.5,0.08
2019-10-01,95.8,12.5,12.81,5.653,1.5,-0.8,5.3,0.573,0.7,0.7,-0.2,1.325,2.2,3.4,3.8,1.538,3.4,-1.5,6.5,4.174,-0.1,-0.25,-1.0,1.282,-7.3,3.1,-22.8,0.432,-3.8,-4.8,-4.6,3.119,0.5,2.9,7.1,1.47,3.1,4.2,-2.1,0.773,-3.0,-3.1,12.8,1.779,-6.9,-1.1,-6.4,0.136,-2.2,-2.9,0.0,3.008,3.9,2.6,-11.0,2.741,1.7,-3.3,-6.9,2.673,1.6,-3.7,-7.4,0.23
2019-11-01,98.1,9.33,13.03,5.505,-2.6,-1.3,2.1,0.573,0.0,-0.9,1.2,1.361,2.7,6.7,6.8,1.43,-7.0,-5.5,-4.7,4.197,0.6,-0.25,-1.0,1.405,9.6,15.3,-12.0,0.417,-3.5,-7.3,-3.7,3.189,2.2,4.7,10.8,1.429,-2.8,-0.9,-0.6,0.721,-6.7,-9.1,1.4,1.903,7.0,2.1,-7.5,0.133,-2.2,-4.3,-0.7,2.984,-0.8,4.0,-9.2,2.687,-2.0,-1.1,-1.7,2.62,-2.0,-1.3,-1.9,-0.05
2019-12-01,99.35,9.3,12.68,5.474,-0.6,-1.7,-0.5,0.573,0.0,0.7,-0.7,1.363,0.1,5.2,5.7,1.45,1.4,-2.5,-1.1,4.053,-3.4,-0.25,-1.0,1.535,9.3,11.0,-3.8,0.429,2.9,-4.5,-1.8,3.188,0.0,2.8,11.7,1.327,-7.1,-6.9,-4.5,0.714,-1.0,-10.4,0.3,1.954,2.7,2.3,-10.2,0.133,0.0,-4.3,-1.5,3.035,1.7,4.9,2.8,2.652,-1.3,-1.6,7.0,2.587,-1.3,-1.6,7.2,-0.09
2020-01-01,99.65,9.43,12.79,5.505,0.6,-2.6,-0.2,0.57,-0.5,-0.5,-1.0,1.351,-0.9,2.0,6.0,1.409,-2.8,-8.4,-4.3,4.174,3.0,0.0,-1.0,1.461,-4.8,14.0,-6.0,0.438,2.1,1.4,-0.2,3.253,2.0,4.3,11.7,1.244,-6.3,-15.4,-7.4,0.716,0.3,-7.4,-1.9,2.221,13.7,24.8,-0.3,0.134,0.8,-1.5,-0.7,3.052,0.6,1.5,4.0,2.631,-0.8,-4.0,11.9,2.567,-0.8,-4.0,12.1,0.39
2020-02-01,101.65,9.19,12.85,5.497,-0.1,-0.1,-0.1,0.574,0.7,0.2,0.5,1.375,1.8,1.0,7.3,1.362,-3.3,-4.8,-8.3,4.25,1.8,1.3,-1.0,1.449,-0.8,3.1,-6.9,0.438,0.0,5.0,-1.1,3.196,-1.8,0.2,10.2,1.218,-2.1,-14.8,-6.2,0.734,2.5,1.8,-3.7,2.197,-1.1,15.4,6.2,0.134,0.0,0.8,-1.5,2.812,-7.9,-5.8,-7.2,2.53,-3.8,-5.8,4.9,2.465,-4.0,-5.9,4.8,0.27
2020-03-01,88.1,9.8,13.08,5.257,-4.4,-4.0,-6.3,0.576,0.3,0.5,-0.9,1.374,-0.1,0.8,9.0,1.4,2.8,-3.4,-4.6,4.334,2.0,6.9,-1.0,1.525,5.2,-0.7,-1.2,0.442,0.9,3.0,-0.7,3.248,1.6,1.9,10.3,1.174,-3.6,-11.5,-12.8,0.733,-0.1,2.7,-3.2,1.66,0.1,-0.6,0.55,0.134,0.0,0.8,-0.7,2.405,-14.5,-20.8,-21.1,2.334,-7.7,-12.0,-10.9,2.267,-8.0,-12.4,-11.6,-0.22
2020-04-01,74.05,10.42,13.28,5.346,1.7,-2.9,-3.7,0.581,0.9,1.9,2.5,1.406,2.3,4.1,9.4,1.571,12.2,11.5,7.4,4.396,1.4,5.3,-1.0,2.019,32.4,38.2,38.0,0.464,0.0,0.2,0.4,3.267,0.6,0.4,9.6,1.186,0.3,0.8,2.3,0.71,0.0,0.4,0.55,1.66,0.1,-0.6,0.55,0.133,-0.7,-0.7,-1.5,2.044,-15.0,-33.0,-34.1,1.946,-16.6,-26.0,-32.8,1.876,-17.2,-26.9,-33.8,-0.67
2020-05-01,74.44999999999999,11.79,13.15,5.348,0.0,-2.7,-8.0,0.589,1.4,2.6,1.7,1.412,0.4,2.7,9.5,1.302,0.0,0.1,1.5,4.466,1.6,5.1,-1.0,1.64,-18.8,13.2,20.4,0.461,0.0,5.3,1.5,3.21,-1.7,0.4,8.3,1.209,0.3,-0.7,-9.2,0.748,0.0,1.9,-1.7,1.851,0.1,-15.7,1.5,0.134,0.8,0.0,-1.5,1.905,-6.8,-32.3,-37.1,1.946,0.0,-23.1,-34.3,1.879,0.2,-23.8,-35.2,0.0
2020-06-01,80.3,15.33,13.27,5.772,7.9,9.8,-1.8,0.588,-0.2,2.1,2.4,1.474,4.4,7.3,15.2,1.747,0.0,24.8,9.9,4.517,1.1,4.2,-1.0,1.554,-5.2,1.9,29.2,0.468,1.5,5.9,4.5,3.198,-0.4,-1.5,4.7,1.296,7.2,10.4,0.0,0.749,0.1,2.2,-6.5,1.922,3.8,-0.6,6.1,0.137,2.2,2.2,-1.4,2.057,8.0,-14.5,-30.2,2.141,10.0,-8.3,-23.9,2.076,10.5,-8.4,-24.6,0.55
2020-07-01,76.5,17.49,13.25,5.776,0.1,8.0,1.3,0.58,-1.4,-0.2,1.9,1.485,0.7,5.6,15.9,1.712,-2.0,9.0,9.6,4.536,0.4,3.2,-1.0,1.401,-9.8,-30.6,12.7,0.461,-1.5,0.2,1.5,3.255,1.8,-0.4,7.4,1.186,0.3,0.8,2.3,0.772,3.1,0.4,-3.3,1.977,2.9,-0.6,9.9,0.137,0.0,3.0,-2.1,2.134,3.7,4.4,-27.2,2.243,4.8,15.3,-20.9,2.176,4.8,16.0,-21.6,0.51
2020-08-01,76.44999999999999,18.27,13.31,5.559,-3.8,3.9,-0.3,0.576,-0.7,-2.2,-0.3,1.495,0.7,5.9,17.3,1.609,-6.0,0.1,6.3,4.504,-0.7,0.9,-1.0,1.328,-5.2,-19.0,8.9,0.459,-0.4,-0.4,2.0,3.406,4.6,6.1,11.9,1.186,0.3,0.8,2.3,0.769,-0.4,2.8,-3.0,1.874,-5.2,1.2,0.5,0.137,0.0,2.2,-1.4,2.161,1.3,13.4,-24.7,2.245,0.1,15.4,-17.3,2.177,0.0,15.9,-18.0,0.32
2020-09-01,83.4,16.85,13.54,5.619,1.1,-2.7,0.9,0.574,-0.3,-2.4,0.9,1.492,-0.2,1.2,15.1,1.542,-4.2,-11.7,3.7,4.487,-0.4,-0.7,-1.0,1.353,1.9,-12.9,-2.2,0.451,-1.7,-3.6,0.4,3.448,1.2,7.8,11.2,1.186,0.3,0.8,2.3,0.777,1.0,3.7,-2.5,1.847,-1.4,-3.9,-3.3,0.137,0.0,0.0,-1.4,2.123,-1.8,3.2,-26.6,2.26,0.7,5.6,-16.1,2.193,0.7,5.6,-16.6,0.14
2020-10-01,83.1,12.26,13.7,5.722,1.8,-0.9,1.2,0.577,0.5,-0.5,0.7,1.503,0.7,1.2,13.4,1.58,2.5,-7.7,2.7,4.522,0.8,-0.3,8.3,1.408,4.1,0.5,9.8,0.452,0.2,-2.0,4.6,3.38,-2.0,3.8,8.4,1.186,0.3,0.8,2.3,0.766,-1.4,-0.8,-0.9,1.911,3.5,-3.3,7.4,0.135,-1.5,-1.5,-0.7,2.139,0.8,0.2,-28.9,2.228,-1.4,-0.7,-18.7,2.159,-1.6,-0.8,-19.2,0.04
2020-11-01,79.0,10.99,13.35,5.754,0.6,3.5,4.5,0.578,0.2,0.3,0.9,1.515,0.8,1.3,11.3,1.639,3.7,1.9,14.6,4.485,-0.8,-0.4,6.9,1.45,3.0,9.2,3.2,0.445,-1.5,-3.1,6.7,3.425,1.3,0.6,7.4,1.186,0.3,0.8,2.3,0.791,3.3,2.9,9.7,1.935,1.3,3.3,1.7,0.136,0.7,-0.7,2.3,2.208,3.2,2.2,-26.0,2.159,-3.1,-3.8,-19.7,2.09,-3.2,-4.0,-20.2,-0.06
2020-12-01,81.45,9.75,12.8,5.831,1.3,3.8,6.5,0.572,-1.0,-0.3,-0.2,1.538,1.5,3.1,12.8,1.621,-1.1,5.1,11.8,4.52,0.8,0.7,11.5,1.481,2.1,9.5,-3.5,0.45,1.1,-0.2,4.9,3.535,3.2,2.5,10.9,1.329,0.3,0.8,0.2,0.789,-0.3,1.5,10.5,1.893,-2.2,2.5,-3.1,0.136,0.0,-0.7,2.3,2.419,9.6,13.9,-20.3,2.235,3.5,-1.1,-15.7,2.168,3.7,-1.1,-16.2,0.09
2021-01-01,80.8,9.68,12.69,5.831,0.0,1.9,5.9,0.597,4.4,3.5,4.7,1.546,0.5,2.9,14.4,1.595,-1.6,0.9,13.2,4.591,1.6,1.5,10.0,1.466,-1.0,4.1,0.3,0.446,-0.9,-1.3,1.8,3.468,-1.9,2.6,6.6,1.303,-2.0,0.8,4.7,0.794,0.6,3.7,10.9,1.928,1.8,0.9,-13.2,0.136,0.0,0.7,1.5,2.549,5.4,19.2,-16.5,2.391,7.0,7.3,-9.1,2.326,7.3,7.7,-9.4,0.43
2021-02-01,77.0,9.31,13.34,5.778,-0.9,0.4,5.1,0.59,-1.2,2.1,2.8,1.537,-0.6,1.5,11.8,1.583,-0.8,-3.4,16.2,4.673,1.8,4.2,10.0,1.597,8.9,10.1,10.2,0.44,-1.3,-1.1,0.5,3.368,-2.9,-1.7,5.4,1.321,1.4,0.8,8.5,0.779,-1.9,-1.5,6.1,1.838,-4.7,-5.0,-16.3,0.137,0.7,0.7,2.2,2.79,9.5,26.4,-0.8,2.559,7.0,18.5,1.1,2.496,7.3,19.4,1.3,0.55
2021-03-01,83.1,10.51,13.29,5.852,1.3,0.4,11.3,0.594,0.7,3.8,3.1,1.526,-0.7,-0.8,11.1,1.543,-2.5,-4.8,10.2,4.671,0.0,3.3,7.8,1.625,1.8,9.7,6.6,0.436,-0.9,-3.1,-1.4,3.348,-0.6,-5.3,3.1,1.266,-4.2,-4.7,7.8,0.772,-0.9,-2.2,5.3,1.768,-3.8,-6.6,0.55,0.138,0.7,1.5,3.0,2.873,3.0,18.8,19.5,2.856,11.6,27.8,22.4,2.791,11.8,28.7,23.1,0.71
2021-04-01,85.65,12.25,13.76,6.215,6.2,6.6,16.3,0.604,1.7,1.2,4.0,1.51,-1.0,-2.3,7.4,1.515,-1.8,-5.0,-3.6,4.752,1.7,3.5,8.1,1.62,-0.3,10.5,-19.8,0.437,0.2,-2.0,0.4,3.447,3.0,-0.6,5.5,1.32,4.3,1.3,2.3,0.785,1.7,-1.1,0.55,1.786,1.0,-7.4,0.55,0.139,0.7,2.2,4.5,2.785,-3.1,9.3,36.3,2.907,1.8,21.6,49.4,2.839,1.7,22.1,51.3,0.82
2021-05-01,82.05000000000001,14.13,13.71,6.346,2.1,9.8,18.7,0.6,-0.7,1.7,1.9,1.511,0.1,-1.7,7.0,1.486,-1.9,-6.1,1.5,4.566,-3.9,-2.3,2.2,1.625,0.3,1.8,-0.9,0.439,0.5,-0.2,-4.8,3.497,1.5,3.8,8.9,1.317,-0.2,-0.3,8.9,0.801,2.0,2.8,7.1,1.804,1.0,-1.8,-2.5,0.14,0.7,2.2,4.5,2.825,1.4,1.3,48.3,3.041,4.6,18.8,56.3,2.972,4.7,19.1,58.2,0.8
2021-06-01,83.7,17.73,13.85,6.67,5.1,14.0,15.6,0.595,-0.8,0.2,1.2,1.51,-0.1,-1.0,2.4,1.474,-0.8,-4.5,-15.6,4.605,0.9,-1.4,1.9,1.642,1.0,1.0,5.7,0.356,-18.9,-18.3,-23.9,3.557,1.7,6.2,11.2,1.354,2.8,7.0,4.5,0.778,-2.9,0.8,3.9,1.83,1.4,3.5,-4.8,0.142,1.4,2.9,3.6,2.952,4.5,2.7,43.5,3.245,6.7,13.6,51.6,3.154,6.1,13.0,51.9,0.93
2021-07-01,82.30000000000001,19.94,13.9,6.857,2.8,10.3,18.7,0.594,-0.2,-1.7,2.4,1.491,-1.3,-1.3,0.4,1.435,-2.6,-5.3,-16.2,4.562,-0.9,-4.0,0.6,1.642,0.0,1.4,17.2,0.368,3.4,-15.8,-20.2,3.627,2.0,5.2,11.4,1.186,0.3,0.8,2.3,0.782,0.5,-0.4,1.3,1.827,-0.2,2.3,-7.6,0.143,0.7,2.9,4.4,2.98,0.9,7.0,39.6,3.326,2.5,14.4,48.3,3.233,2.5,13.9,48.6,0.48
2021-08-01,74.4,20.96,13.99,7.096,3.5,11.8,27.6,0.589,-0.8,-1.8,2.3,1.467,-1.6,-2.9,-1.9,1.472,2.6,-0.9,-8.5,4.726,3.6,3.5,4.9,1.709,4.1,5.2,28.7,0.371,0.8,-15.5,-19.2,3.56,-1.8,1.8,4.5,1.186,0.3,0.8,2.3,0.784,0.3,-2.1,2.0,1.858,1.7,3.0,-0.9,0.144,0.7,2.9,5.1,2.932,-1.6,3.8,35.7,3.351,0.8,10.2,49.3,3.255,0.7,9.5,49.5,0.21
